-- MySQL dump 10.13  Distrib 5.6.31, for debian-linux-gnu (x86_64)
--
-- Host: localhost    Database: tuzi
-- ------------------------------------------------------
-- Server version	5.6.31-0ubuntu0.14.04.2

/*!40101 SET @OLD_CHARACTER_SET_CLIENT=@@CHARACTER_SET_CLIENT */;
/*!40101 SET @OLD_CHARACTER_SET_RESULTS=@@CHARACTER_SET_RESULTS */;
/*!40101 SET @OLD_COLLATION_CONNECTION=@@COLLATION_CONNECTION */;
/*!40101 SET NAMES utf8 */;
/*!40103 SET @OLD_TIME_ZONE=@@TIME_ZONE */;
/*!40103 SET TIME_ZONE='+00:00' */;
/*!40014 SET @OLD_UNIQUE_CHECKS=@@UNIQUE_CHECKS, UNIQUE_CHECKS=0 */;
/*!40014 SET @OLD_FOREIGN_KEY_CHECKS=@@FOREIGN_KEY_CHECKS, FOREIGN_KEY_CHECKS=0 */;
/*!40101 SET @OLD_SQL_MODE=@@SQL_MODE, SQL_MODE='NO_AUTO_VALUE_ON_ZERO' */;
/*!40111 SET @OLD_SQL_NOTES=@@SQL_NOTES, SQL_NOTES=0 */;

--
-- Table structure for table `category`
--

DROP TABLE IF EXISTS `category`;
/*!40101 SET @saved_cs_client     = @@character_set_client */;
/*!40101 SET character_set_client = utf8 */;
CREATE TABLE `category` (
  `id` bigint(20) NOT NULL AUTO_INCREMENT,
  `title` varchar(100) NOT NULL DEFAULT '',
  `content` longtext,
  `createtime` datetime DEFAULT NULL,
  `updatetime` datetime DEFAULT NULL,
  `sort` bigint(20) NOT NULL DEFAULT '0',
  `status` bigint(20) NOT NULL DEFAULT '2',
  `username` varchar(255) NOT NULL DEFAULT '',
  `siteid` bigint(20) NOT NULL DEFAULT '0',
  `type` bigint(20) NOT NULL DEFAULT '0',
  `image` varchar(255) NOT NULL DEFAULT '',
  `pid` bigint(20) NOT NULL DEFAULT '0',
  PRIMARY KEY (`id`)
) ENGINE=InnoDB AUTO_INCREMENT=24 DEFAULT CHARSET=utf8;
/*!40101 SET character_set_client = @saved_cs_client */;

--
-- Dumping data for table `category`
--

LOCK TABLES `category` WRITE;
/*!40000 ALTER TABLE `category` DISABLE KEYS */;
INSERT INTO `category` VALUES (1,'关于缀美','<p style=\"text-indent:2em;\">\r\n	<strong></strong> \r\n</p>\r\n<p style=\"text-align:center;text-indent:2em;\">\r\n	<span style=\"font-size:18px;font-family:NSimSun;color:#4C33E5;\"><strong>学校简介</strong></span> \r\n</p>\r\n<p style=\"text-indent:2em;\">\r\n	<span style=\"font-family:NSimSun;font-size:18px;color:#333333;line-height:1.5;\"><strong><span style=\"color:#4C33E5;\">&nbsp; &nbsp; </span><span style=\"color:#4C33E5;\">缀美美术学校成立于2006年，至今成立有10年办学历史，现已成为广东省知名的艺考教育培训机构。</span><span style=\"color:#4C33E5;\">2012年注册并正式更名为缀美美术学校。</span></strong></span><br />\r\n<span style=\"font-family:NSimSun;font-size:18px;color:#4C33E5;line-height:1.5;\"><strong>&nbsp; &nbsp; 校区位于广州市海珠区有“广州画家村”之称的小洲村，毗邻大学城，交通方便，生活设施齐全，拥有两层四百平方教学面积，优美而宁静的师生课间休息区，专业展厅，先进的多媒体电教设备。</strong></span><br />\r\n<span style=\"font-family:NSimSun;font-size:18px;color:#4C33E5;line-height:1.5;\"><strong>&nbsp; &nbsp; 缀美深受广大学生的欢迎和信赖，源于它的出类拔萃，教学风格独特的教师团队，勇于创新的教学理念，别具一格的训练方法。准确无误的高考信息，科学严谨的管理方法以及精品的办学成果。</strong></span><br />\r\n<span style=\"font-family:NSimSun;font-size:18px;color:#4C33E5;line-height:1.5;\"><strong>&nbsp; &nbsp; 缀美是你勤奋好学加上我的辛勤付出让你迈进艺术殿堂的成功之门，走进门槛，是你找到成果的起点，是青春与智慧的证明，是你拼搏与收获的开端，在奋斗中拥有人生的辉煌。 &nbsp;</strong></span><br />\r\n<span style=\"font-family:NSimSun;font-size:18px;color:#4C33E5;line-height:1.5;\"><strong>&nbsp; &nbsp; 缀美有一班技艺双全的掌舵者，他们都是在艺术的海洋中翱翔多年的勤劳之师，用他们的智慧和经验为你的高考之舟把舵，成就你的梦想。 &nbsp; &nbsp;</strong></span><br />\r\n<span style=\"font-family:NSimSun;font-size:18px;color:#4C33E5;line-height:1.5;\"><strong>&nbsp; &nbsp; 缀美有一班技艺双全的掌舵者，他们都在高考中创造辉煌的高考状元和精英，为你树立正确的航标，带领你去铸造自己辉煌和成功。</strong></span><br />\r\n<span style=\"font-family:SimSun;font-size:18px;\"><strong></strong></span> \r\n</p>\r\n<p style=\"text-align:center;text-indent:2em;\">\r\n	<span style=\"font-family:NSimSun;font-size:18px;color:#4C33E5;line-height:1.5;\"><strong><img src=\"/file/image/20160804/哼哼唧唧5616.jpg\" alt=\"\" width=\"500\" height=\"888\" title=\"\" align=\"\" /><br />\r\n</strong></span> \r\n</p>\r\n<p style=\"text-indent:2em;\">\r\n	<span style=\"font-size:18px;\"><strong><br />\r\n</strong></span> \r\n</p>\r\n<p style=\"text-align:center;text-indent:2em;\">\r\n	<strong><span style=\"font-size:18px;\"><strong><span style=\"color:#4C33E5;\">校长：</span></strong><span style=\"color:#4C33E5;\"><strong>&nbsp;庞铨进&nbsp;</strong></span></span></strong> \r\n</p>\r\n<p style=\"text-indent:2em;\">\r\n	<br />\r\n</p>\r\n<p style=\"text-align:center;\">\r\n	<img src=\"/file/image/20160804/庞铨进近照.jpg\" alt=\"\" width=\"300\" height=\"400\" title=\"\" align=\"\" /> \r\n</p>\r\n<p style=\"text-align:center;text-indent:2em;\">\r\n	<strong>&nbsp;</strong><br />\r\n<br />\r\n<span style=\"font-size:16px;font-family:SimSun;color:#E53333;\"><strong>&nbsp;毕业于广州美术学院雕塑系。</strong></span><br />\r\n<span style=\"font-size:16px;font-family:SimSun;color:#E53333;\"><strong>&nbsp; &nbsp; &nbsp; &nbsp; &nbsp; &nbsp; &nbsp; &nbsp; &nbsp; &nbsp; &nbsp; &nbsp; &nbsp; &nbsp; &nbsp; &nbsp;</strong></span><br />\r\n<span style=\"font-size:16px;font-family:SimSun;color:#E53333;\"><strong>&nbsp;江湖人称大庞，现居广州。</strong></span><br />\r\n<span style=\"font-size:16px;font-family:SimSun;color:#E53333;\"><strong>&nbsp; &nbsp; &nbsp; &nbsp; &nbsp; &nbsp; &nbsp; &nbsp; &nbsp; &nbsp; &nbsp; &nbsp; &nbsp; &nbsp; &nbsp; &nbsp;&nbsp;</strong></span><br />\r\n<span style=\"font-size:16px;font-family:SimSun;color:#E53333;\"><strong>广州缀美艺考学校负责人，考前资深培训教师！</strong></span><br />\r\n<br />\r\n<span style=\"font-size:16px;font-family:SimSun;color:#E53333;\"><strong>&nbsp; &nbsp; &nbsp; &nbsp; &nbsp; &nbsp; &nbsp; &nbsp;&nbsp;</strong></span><br />\r\n<span style=\"font-size:16px;font-family:SimSun;color:#E53333;\"><strong>&nbsp;从事一线美术高考十余年，擅长素描、速写、水彩，是多家出版社供稿人。</strong></span><br />\r\n<span style=\"font-size:16px;font-family:SimSun;color:#E53333;\"><strong>&nbsp; &nbsp; &nbsp; &nbsp; &nbsp; &nbsp; &nbsp; &nbsp;</strong></span><br />\r\n<span style=\"font-size:16px;font-family:SimSun;color:#E53333;\"><strong>&nbsp;教学经验丰富，幽默沉稳、踏实勤奋，善于针对性解决学生问题，深受学生的信赖和喜爱。</strong></span><br />\r\n<span style=\"font-size:16px;font-family:SimSun;color:#E53333;\"><strong>&nbsp; &nbsp; &nbsp; &nbsp; &nbsp; &nbsp; &nbsp; &nbsp;&nbsp;</strong></span><br />\r\n<span style=\"font-size:16px;font-family:SimSun;color:#E53333;\"><strong>&nbsp;出版与参与出版书籍有：</strong></span><br />\r\n<span style=\"font-size:16px;font-family:SimSun;color:#E53333;\"><strong>&nbsp; &nbsp; &nbsp; &nbsp; &nbsp; &nbsp; &nbsp; &nbsp; &nbsp;</strong></span><br />\r\n<span style=\"font-size:16px;font-family:SimSun;color:#E53333;\"><strong>《起点静物素描教学》、《诠释素描头像》等等。</strong></span> \r\n</p>\r\n<p style=\"text-align:center;text-indent:2em;\">\r\n	<br />\r\n</p>\r\n<p style=\"text-align:center;text-indent:2em;\">\r\n	<br />\r\n</p>\r\n<p style=\"text-align:center;text-indent:2em;\">\r\n	<span style=\"font-size:18px;color:#4C33E5;\"><span style=\"font-size:18px;line-height:24px;color:#4C33E5;\"><strong>学员作品</strong></span></span> \r\n</p>\r\n<p style=\"text-align:center;text-indent:2em;\">\r\n	<span><span style=\"font-size:16px;line-height:24px;\"><img src=\"/file/image/20160804/20140912_171648 - 副本.jpg\" alt=\"\" width=\"599\" height=\"449\" title=\"\" align=\"\" /><br />\r\n</span></span> \r\n</p>\r\n<p style=\"text-align:center;text-indent:2em;\">\r\n	<span><span style=\"font-size:16px;line-height:24px;\"><img src=\"/file/image/20160804/mmexport1420217892695.jpg\" alt=\"\" /><br />\r\n</span></span> \r\n</p>\r\n<p style=\"text-align:center;text-indent:2em;\">\r\n	<span><span style=\"font-size:16px;line-height:24px;\"><img src=\"/file/image/20160804/2014-10-24 22.17.54 - 副本.jpg\" alt=\"\" width=\"599\" height=\"912\" title=\"\" align=\"\" /><br />\r\n</span></span> \r\n</p>\r\n<p style=\"text-align:center;text-indent:2em;\">\r\n	<span><span style=\"font-size:16px;line-height:24px;\"><br />\r\n</span></span> \r\n</p>\r\n<p style=\"text-align:center;text-indent:2em;\">\r\n	<span style=\"color:#4C33E5;font-size:18px;\"><span style=\"font-size:18px;line-height:24px;color:#4C33E5;\"><strong>学员踏青</strong></span></span> \r\n</p>\r\n<p style=\"text-align:center;\">\r\n	<img src=\"/file/image/20160804/mmexport1420177702987.jpg\" alt=\"\" width=\"800\" height=\"557\" title=\"\" align=\"\" /> \r\n</p>\r\n<p style=\"text-align:center;\">\r\n	<br />\r\n</p>\r\n<p style=\"text-align:center;\">\r\n	<span style=\"color:#4C33E5;font-size:16px;\"><strong>联系地址：</strong></span><span style=\"color:#4C33E5;font-size:16px;\"><strong>广东省广州市海珠区小洲村安海街8巷1号</strong></span> \r\n</p>\r\n<p style=\"text-align:center;\">\r\n	<br />\r\n</p>\r\n<p style=\"text-align:center;\">\r\n	<br />\r\n</p>\r\n<p style=\"text-align:center;\">\r\n	<br />\r\n</p>\r\n<p style=\"text-align:center;\">\r\n	<br />\r\n</p>\r\n<p style=\"text-align:center;\">\r\n	<iframe src=\"http://tuzi.lenggirl.com/static/admin/kindeditor/plugins/baidumap/index.html?center=113.362393%2C23.063923&zoom=19&width=558&height=360&markers=113.362393%2C23.063923&markerStyles=l%2CA\" frameborder=\"0\" style=\"width:560px;height:362px;\">\r\n	</iframe>\r\n</p>\r\n<p style=\"text-align:center;\">\r\n	<br />\r\n</p>\r\n<div>\r\n	<br />\r\n</div>\r\n<div>\r\n	<br />\r\n</div>','2016-07-29 22:17:34','2016-08-08 23:08:39',4,1,'画室',0,0,'/file/image/20160804/psb.jpg',0),(2,'画室环境','<p style=\"text-align:center;\">\r\n	<span style=\"font-size:32px;\"><strong>画室环境优美，学生作画极佳</strong></span> \r\n</p>\r\n<p style=\"text-align:center;\">\r\n	<span style=\"font-size:32px;\"><strong><img src=\"/file/image/20160804/20160804231044哼哼唧唧5616.jpg\" alt=\"\" /><br />\r\n</strong></span>\r\n</p>\r\n<p style=\"text-align:center;\">\r\n	<img src=\"/file/image/20160804/20140626_084331.jpg\" alt=\"\" width=\"960\" height=\"720\" title=\"\" align=\"\" /> \r\n</p>\r\n<p style=\"text-align:center;\">\r\n	<img src=\"/file/image/20160804/474.jpg\" alt=\"\" width=\"960\" height=\"1281\" title=\"\" align=\"\" />\r\n</p>\r\n<p style=\"text-align:center;\">\r\n	<img src=\"/file/image/20160804/20140626_084429.jpg\" alt=\"\" width=\"960\" height=\"720\" title=\"\" align=\"\" />\r\n</p>\r\n<p style=\"text-align:center;\">\r\n	<img src=\"/file/image/20160804/20140626_084208.jpg\" alt=\"\" width=\"960\" height=\"720\" title=\"\" align=\"\" /> \r\n</p>\r\n<p style=\"text-align:center;\">\r\n	<img src=\"/file/image/20160804/mmexport1420217892531.jpg\" alt=\"\" width=\"960\" height=\"720\" title=\"\" align=\"\" /> \r\n</p>\r\n<p style=\"text-align:center;\">\r\n	<img src=\"/file/image/20160804/mmexport1420217892555.jpg\" alt=\"\" /> \r\n</p>\r\n<p style=\"text-align:center;\">\r\n	<img src=\"/file/image/20160804/mmexport1420217892444.jpg\" alt=\"\" /> \r\n</p>\r\n<p style=\"text-align:center;\">\r\n	<img src=\"/file/image/20160804/20160804231151mmexport1420217892459.jpg\" alt=\"\" />\r\n</p>\r\n<p style=\"text-align:center;\">\r\n	<img src=\"/file/image/20160804/mmexport1420217892481.jpg\" alt=\"\" width=\"960\" height=\"1280\" title=\"\" align=\"\" />\r\n</p>\r\n<p style=\"text-align:center;\">\r\n	<br />\r\n</p>\r\n<p style=\"text-align:center;\">\r\n	<span style=\"font-size:32px;\"><strong>画画，就找缀美</strong></span> \r\n</p>\r\n<p style=\"text-align:center;\">\r\n	<br />\r\n</p>','2016-07-29 22:24:54','2016-08-04 23:12:23',4,1,'画室',0,0,'/file/image/20160804/mmexport1420217892459.jpg',1),(3,'高考喜报','<p style=\"text-align:center;\">\r\n	<img src=\"/file/image/20160805/QQ截图20160805004530.jpg\" alt=\"\" />\r\n</p>\r\n<p style=\"text-align:center;\">\r\n	<img src=\"/file/image/20160805/QQ截图20160805004547.jpg\" alt=\"\" />\r\n</p>\r\n<p style=\"text-align:center;\">\r\n	<span style=\"font-size:24px;\"><strong>其他年份正在整理中</strong></span>\r\n</p>','2016-07-30 14:58:47','2016-08-05 00:46:41',0,1,'画室',0,0,'/file/image/20160805/mmexport1420177702987.jpg',0),(4,'画室动态','<p style=\"text-align:center;\">\r\n	<span style=\"line-height:1.5;font-size:24px;\"><strong>记录画室的点滴，暖暖的。</strong></span>\r\n</p>\r\n<p style=\"text-align:center;\">\r\n	<span style=\"line-height:1.5;font-size:24px;\"><strong><img src=\"/file/image/20160805/567456.jpg\" alt=\"\" width=\"800\" height=\"1421\" title=\"\" align=\"\" /><br />\r\n</strong></span>\r\n</p>\r\n<p style=\"text-align:center;\">\r\n	<span style=\"line-height:1.5;font-size:24px;\"><strong><img src=\"/file/image/20160805/45634.jpg\" alt=\"\" width=\"800\" height=\"450\" title=\"\" align=\"\" /><br />\r\n</strong></span>\r\n</p>\r\n<p style=\"text-align:center;\">\r\n	<span style=\"line-height:1.5;font-size:24px;\"><strong><img src=\"/file/image/20160805/psb6578.jpg\" alt=\"\" /><br />\r\n</strong></span>\r\n</p>','2016-07-30 14:59:14','2016-08-05 00:35:56',0,1,'画室',0,0,'/file/image/20160805/6786789.jpg',0),(5,'招生动态','<p style=\"text-align:center;\">\r\n	<span style=\"line-height:1.5;font-size:24px;\"><strong>我们全年接受学生报名，更多请扫描下方二维码联系</strong></span> \r\n</p>\r\n<strong> \r\n<p style=\"text-align:center;\">\r\n	<strong><img src=\"/file/image/20160805/QQ截图20160805001256.jpg\" alt=\"\" /></strong> \r\n</p>\r\n<p style=\"text-align:center;\">\r\n	<strong><br />\r\n</strong> \r\n</p>\r\n<p style=\"text-align:center;\">\r\n	<strong><img src=\"/file/image/20160805/QQ截图20160805001311.jpg\" alt=\"\" /><br />\r\n</strong> \r\n</p>\r\n<p style=\"text-align:center;\">\r\n	<strong><img src=\"/file/image/20160805/QQ截图20160805001410.jpg\" alt=\"\" /><br />\r\n</strong> \r\n</p>\r\n<p style=\"text-align:center;\">\r\n	<strong><br />\r\n</strong> \r\n</p>\r\n<p style=\"text-align:center;\">\r\n	<strong><img src=\"/file/image/20160805/1.jpg\" alt=\"\" /><br />\r\n</strong> \r\n</p>\r\n<p style=\"text-align:center;\">\r\n	<strong><br />\r\n</strong> \r\n</p>\r\n<p style=\"text-align:center;\">\r\n	<strong><img src=\"/file/image/20160805/2.jpg\" alt=\"\" /><br />\r\n</strong> \r\n</p>\r\n<p style=\"text-align:center;\">\r\n	<strong><br />\r\n</strong> \r\n</p>\r\n<p style=\"text-align:center;\">\r\n	<strong> </strong>\r\n</p>\r\n<p class=\"MsoNormal\" align=\"right\" style=\"text-align:center;\">\r\n	<strong><span style=\"font-size:24px;font-family:SimSun;\">缀美教研组</span> </strong>\r\n</p>\r\n<p class=\"MsoNormal\" align=\"right\" style=\"text-align:center;\">\r\n	<strong><span style=\"font-size:24px;font-family:SimSun;\"><br />\r\n</span> </strong>\r\n</p>\r\n<strong><span style=\"font-size:24px;font-family:SimSun;\"></span><br />\r\n</strong> \r\n<p>\r\n	<br />\r\n</p>\r\n</strong> \r\n<p>\r\n	<br />\r\n</p>','2016-07-30 14:59:27','2016-08-05 00:17:22',0,1,'画室',0,0,'/file/image/20160805/psb34534.jpg',4),(6,'美术资讯','<p style=\"text-align:center;\">\r\n	<br />\r\n</p>\r\n<p style=\"text-align:center;\">\r\n	<br />\r\n</p>','2016-07-30 14:59:38','2016-08-08 22:04:55',0,1,'画室',0,0,'/file/image/20160808/20160808220448psb45.jpg',0),(7,'静物','','2016-07-30 15:02:09','2016-08-05 00:25:34',0,1,'admin',0,1,'/file/image/20160805/932280261.jpg',12),(9,'学生作品','<p style=\"text-align:center;\">\r\n	<span style=\"font-size:18px;\"><strong>学生作品集</strong></span>\r\n</p>\r\n<p style=\"text-align:center;\">\r\n	<span style=\"font-size:18px;\"><strong>动物，静物，油画等</strong></span>\r\n</p>\r\n<p style=\"text-align:center;\">\r\n	&nbsp; &nbsp; &nbsp; &nbsp; &nbsp;&nbsp;<img src=\"/file/image/20160804/2014-10-24 22.21.39 - 副本.jpg\" alt=\"\" width=\"800\" height=\"1290\" title=\"\" /> \r\n</p>\r\n<p style=\"text-align:center;\">\r\n	<img src=\"/file/image/20160804/mmexport1420217892742.jpg\" alt=\"\" width=\"800\" height=\"1352\" title=\"\" /> \r\n</p>\r\n<p style=\"text-align:center;\">\r\n	<img src=\"/file/image/20160804/20140912_173444 - 副本.jpg\" alt=\"\" width=\"800\" height=\"600\" title=\"\" /> \r\n</p>\r\n<p style=\"text-align:center;\">\r\n	<span style=\"font-size:18px;\"><strong>享受画画吧，少年们</strong></span>\r\n</p>','2016-07-30 15:03:22','2016-08-08 21:37:16',0,1,'admin',0,1,'/file/image/20160804/20140724_214429 - 副本.jpg',0),(10,'静物素描','<p style=\"text-align:center;\">\r\n	<span style=\"font-family:SimSun;font-size:18px;\"><strong>&nbsp; 学生作品：静物素描</strong></span> \r\n</p>\r\n<p>\r\n	<span style=\"font-family:SimSun;font-size:18px;\"><strong>&nbsp;&nbsp;素描，广义上的素描，涵指一切单色的绘画，起源于西洋造型能力的培养。狭义上的素描，专指用于学习美术技巧、探索造型规律、培养专业习惯的绘画训练过程。</strong></span> \r\n</p>\r\n<span style=\"font-family:SimSun;font-size:18px;\"><strong>&nbsp; 素描简而言之就是单色画。却又不尽然，毕竟素描涵盖与牵连的东西太多，解决的问题也太多，素描过程是同一时间要考虑许多问题的综合思维活动。当今美术院校各专业都把它作为基础课，虽然各专业的侧重点不同，油画重体积、调子，国画重线条，版画、设计重结构等；但素描的共性是差不多的。同时，素描作为独立的艺术种类，自有其独特的艺术价值，当然，专门的素描艺术家并不多，大都是兼职者，如诸位大师们，他廖寥几笔的创作草稿就已经价值不菲，你根本不用分是基础性强的速写还是独立的艺术品。这些即便看似寥寥几笔的素描作品，其后面的功力也非常了得，有时随便一条起伏弯曲的线条，体现的却是艺术家对形体、结构、特征、节奏、韵味、艺术史的深刻理解与掌握。</strong></span><br />','2016-07-30 15:04:00','2016-08-04 23:47:53',0,1,'admin',0,1,'/file/image/20160804/20140726_174025 - 副本.jpg',9),(11,'油画','<div class=\"para\" style=\"font-size:14px;color:#333333;font-family:arial, 宋体, sans-serif;background-color:#FFFFFF;\">\r\n	<span style=\"font-size:18px;\"><strong>&nbsp;&nbsp;&nbsp;&nbsp;油画的前身是15世纪以前欧洲绘画中的蛋彩画，后经尼德兰画家扬·凡·艾克（Jan Van Eyck），（1385年-1441年） 对绘画材料等加以改良后发扬光大。后人因扬·凡·艾克对油画艺术技巧的纵深发展做出的独特贡献，誉其为“油画之父”。近代油画多用亚麻子油调和颜料，在经过处理的布或木板上作画，因为油画颜料干后不变色，多种颜色调和不会变得肮脏，画家可以画出丰富、逼真的色彩。油画颜料不透明，覆盖力强，所以绘画时可以由深到浅，逐层覆盖，使绘画产生立体感。</strong></span><br />\r\n<span style=\"font-size:18px;\"><strong>&nbsp;&nbsp;&nbsp;&nbsp;油画逐渐成为西方绘画史中的主体绘画方式，存世的西方绘画作品主要是油画作品。随着时间的发展油画逐渐生活化，其中最著名的就是《蒙娜丽莎》表现的一个普通妇女并广为流传。19世纪后期，由于科技发展，许多新材料应用于油画领域，如丙烯颜料，油漆等。</strong></span><br />\r\n<span style=\"font-size:18px;\"></span><span style=\"font-size:18px;\"></span><br />\r\n</div>','2016-07-30 15:04:09','2016-08-04 23:52:41',0,1,'admin',0,1,'/file/image/20160804/mmexport1420217892753.jpg',9),(12,'教师作品','<p style=\"text-align:center;font-size:13px;font-family:&quot;text-indent:2em;background-color:#FFFFFF;\">\r\n	<strong><span style=\"font-size:18px;\"><strong><span style=\"color:#4C33E5;font-size:16px;\">校长：</span></strong><span style=\"color:#4C33E5;font-size:16px;\"><strong>&nbsp;庞铨进&nbsp;</strong></span></span></strong> \r\n</p>\r\n<p style=\"text-align:center;font-size:13px;font-family:&quot;text-indent:2em;background-color:#FFFFFF;\">\r\n	<br />\r\n</p>\r\n<p style=\"text-align:center;font-size:13px;font-family:&quot;background-color:#FFFFFF;\">\r\n	<img src=\"/file/image/20160804/%E5%BA%9E%E9%93%A8%E8%BF%9B%E8%BF%91%E7%85%A7.jpg\" alt=\"\" width=\"300\" height=\"400\" title=\"\" align=\"\" /> \r\n</p>\r\n<p style=\"font-size:13px;font-family:&quot;text-align:center;text-indent:2em;background-color:#FFFFFF;\">\r\n	<br />\r\n</p>\r\n<div style=\"text-align:center;\">\r\n	<strong><span style=\"font-size:16px;\">&nbsp;</span></strong> \r\n</div>\r\n<span style=\"font-size:16px;font-family:SimSun;color:#E53333;\"> \r\n<div style=\"text-align:center;\">\r\n	<strong><span style=\"font-size:16px;\">&nbsp;毕业于广州美术学院雕塑系。</span></strong> \r\n</div>\r\n</span><span style=\"font-size:16px;font-family:SimSun;color:#E53333;\"> \r\n<div style=\"text-align:center;\">\r\n	<strong><span style=\"font-size:16px;\">&nbsp; &nbsp; &nbsp; &nbsp; &nbsp; &nbsp; &nbsp; &nbsp; &nbsp; &nbsp; &nbsp; &nbsp; &nbsp; &nbsp; &nbsp; &nbsp;</span></strong> \r\n</div>\r\n</span><span style=\"font-size:16px;font-family:SimSun;color:#E53333;\"> \r\n<div style=\"text-align:center;\">\r\n	<strong><span style=\"font-size:16px;\">&nbsp;江湖人称大庞，现居广州。</span></strong> \r\n</div>\r\n</span><span style=\"font-size:16px;font-family:SimSun;color:#E53333;\"> \r\n<div style=\"text-align:center;\">\r\n	<strong><span style=\"font-size:16px;\">&nbsp; &nbsp; &nbsp; &nbsp; &nbsp; &nbsp; &nbsp; &nbsp; &nbsp; &nbsp; &nbsp; &nbsp; &nbsp; &nbsp; &nbsp; &nbsp;&nbsp;</span></strong> \r\n</div>\r\n</span><span style=\"font-size:16px;font-family:SimSun;color:#E53333;\"> \r\n<div style=\"text-align:center;\">\r\n	<strong><span style=\"font-size:16px;\">广州缀美艺考学校负责人，考前资深培训教师！</span></strong> \r\n</div>\r\n</span><span style=\"font-size:16px;font-family:SimSun;color:#E53333;\"> \r\n<div style=\"text-align:center;\">\r\n	<strong><span style=\"font-size:16px;\">&nbsp; &nbsp; &nbsp; &nbsp; &nbsp; &nbsp; &nbsp; &nbsp;&nbsp;</span></strong> \r\n</div>\r\n</span><span style=\"font-size:16px;font-family:SimSun;color:#E53333;\"> \r\n<div style=\"text-align:center;\">\r\n	<strong><span style=\"font-size:16px;\">&nbsp;从事一线美术高考十余年，擅长素描、速写、水彩，是多家出版社供稿人。</span></strong> \r\n</div>\r\n</span><span style=\"font-size:16px;font-family:SimSun;color:#E53333;\"> \r\n<div style=\"text-align:center;\">\r\n	<strong><span style=\"font-size:16px;\">&nbsp; &nbsp; &nbsp; &nbsp; &nbsp; &nbsp; &nbsp; &nbsp;</span></strong> \r\n</div>\r\n</span><span style=\"font-size:16px;font-family:SimSun;color:#E53333;\"> \r\n<div style=\"text-align:center;\">\r\n	<strong><span style=\"font-size:16px;\">&nbsp;教学经验丰富，幽默沉稳、踏实勤奋，善于针对性解决学生问题，深受学生的信赖和喜爱。</span></strong> \r\n</div>\r\n</span><span style=\"font-size:16px;font-family:SimSun;color:#E53333;\"> \r\n<div style=\"text-align:center;\">\r\n	<strong><span style=\"font-size:16px;\">&nbsp; &nbsp; &nbsp; &nbsp; &nbsp; &nbsp; &nbsp; &nbsp;&nbsp;</span></strong> \r\n</div>\r\n</span><span style=\"font-size:16px;font-family:SimSun;color:#E53333;\"> \r\n<div style=\"text-align:center;\">\r\n	<strong><span style=\"font-size:16px;\">&nbsp;出版与参与出版书籍有：</span></strong> \r\n</div>\r\n</span><span style=\"font-size:16px;font-family:SimSun;color:#E53333;\"> \r\n<div style=\"text-align:center;\">\r\n	<strong><span style=\"font-size:16px;\">&nbsp; &nbsp; &nbsp; &nbsp; &nbsp; &nbsp; &nbsp; &nbsp; &nbsp;</span></strong> \r\n</div>\r\n</span><span style=\"font-size:16px;font-family:SimSun;color:#E53333;\"> \r\n<p style=\"text-align:center;\">\r\n	<strong><span style=\"font-size:16px;\">《起点静物素描教学》、《诠释素描头像》等等。</span></strong> \r\n</p>\r\n<p style=\"text-align:center;\">\r\n	<strong><br />\r\n</strong> \r\n</p>\r\n<p style=\"text-align:center;\">\r\n	<b><span style=\"font-size:16px;\">校长的作画能力一流</span></b> \r\n</p>\r\n<p style=\"text-align:center;\">\r\n	<b><span style=\"font-size:16px;\">同时我们的老师也是杠杠的</span></b> \r\n</p>\r\n<p style=\"text-align:center;\">\r\n	<b><span style=\"font-size:16px;\">不信，看图</span></b> \r\n</p>\r\n<p style=\"text-align:center;\">\r\n	<b><img src=\"/file/image/20160805/psb455.jpg\" alt=\"\" width=\"800\" height=\"1135\" title=\"\" align=\"\" /><img src=\"/file/image/20160805/psb附图一.jpg\" alt=\"\" /><br />\r\n</b> \r\n</p>\r\n<p style=\"text-align:center;\">\r\n	<b><img src=\"/file/image/20160805/480366395.jpg\" alt=\"\" width=\"600\" height=\"906\" title=\"\" align=\"\" /><br />\r\n</b> \r\n</p>\r\n<p style=\"text-align:center;\">\r\n	<b><img src=\"/file/image/20160805/456457.jpg\" alt=\"\" /><br />\r\n</b> \r\n</p>\r\n<p style=\"text-align:center;\">\r\n	<b><img src=\"/file/image/20160805/mmexport1420217892599.jpg\" alt=\"\" /><br />\r\n</b> \r\n</p>\r\n<p style=\"text-align:center;\">\r\n	<b><br />\r\n</b> \r\n</p>\r\n</span> \r\n<p>\r\n	<br />\r\n</p>','2016-07-30 15:37:38','2016-08-05 01:43:16',0,1,'admin',0,1,'/file/image/20160805/mmexport1420217892672.jpg',0),(13,'色彩','','2016-07-30 15:38:07','2016-08-05 00:26:23',0,1,'admin',0,1,'/file/image/20160805/二.jpg',12),(14,'教学现场','<p style=\"text-align:center;\">\r\n	<span style=\"line-height:1.5;font-family:SimSun;font-size:18px;\"><strong>教学现场一派生气，老师幽默风趣</strong></span>\r\n</p>\r\n<p style=\"text-align:center;\">\r\n	<span style=\"line-height:1.5;font-family:SimSun;font-size:18px;\"><strong><img src=\"/file/image/20160805/20160805000533878.jpg\" alt=\"\" /><img src=\"/file/image/20160805/4567.jpg\" alt=\"\" /><img src=\"/file/image/20160805/34567.jpg\" alt=\"\" /><img src=\"/file/image/20160805/56789.jpg\" alt=\"\" /><img src=\"/file/image/20160805/346456.jpg\" alt=\"\" /><img src=\"/file/image/20160805/4567890.jpg\" alt=\"\" /><img src=\"/file/image/20160805/psb3454.jpg\" alt=\"\" /><img src=\"/file/image/20160805/psb87768.jpg\" alt=\"\" /><img src=\"/file/image/20160805/psb45678908.jpg\" alt=\"\" /><br />\r\n</strong></span>\r\n</p>','2016-07-30 15:41:24','2016-08-05 00:05:46',0,1,'画室',0,0,'/file/image/20160805/878.jpg',4),(16,'动物素描','<p style=\"text-align:center;\">\r\n	<span style=\"font-family:SimSun;font-size:18px;\"><strong>&nbsp; 学生作品：动物素描</strong></span>\r\n</p>\r\n<p>\r\n	<span style=\"font-family:SimSun;font-size:18px;\"><strong>&nbsp;&nbsp;素描，广义上的素描，涵指一切单色的绘画，起源于西洋造型能力的培养。狭义上的素描，专指用于学习美术技巧、探索造型规律、培养专业习惯的绘画训练过程。</strong></span>\r\n</p>\r\n<span style=\"font-family:SimSun;font-size:18px;\"><strong>&nbsp; 素描简而言之就是单色画。却又不尽然，毕竟素描涵盖与牵连的东西太多，解决的问题也太多，素描过程是同一时间要考虑许多问题的综合思维活动。当今美术院校各专业都把它作为基础课，虽然各专业的侧重点不同，油画重体积、调子，国画重线条，版画、设计重结构等；但素描的共性是差不多的。同时，素描作为独立的艺术种类，自有其独特的艺术价值，当然，专门的素描艺术家并不多，大都是兼职者，如诸位大师们，他廖寥几笔的创作草稿就已经价值不菲，你根本不用分是基础性强的速写还是独立的艺术品。这些即便看似寥寥几笔的素描作品，其后面的功力也非常了得，有时随便一条起伏弯曲的线条，体现的却是艺术家对形体、结构、特征、节奏、韵味、艺术史的深刻理解与掌握。</strong></span>','2016-07-30 15:45:42','2016-08-04 23:49:02',0,1,'admin',0,1,'/file/image/20160804/20140912_173837 - 副本.jpg',9),(18,'周边环境','<p style=\"text-align:center;\">\r\n	<span style=\"font-family:SimSun;font-size:18px;color:#4C33E5;\">&nbsp; 画室落座于最适合写生的地方：小洲村</span>\r\n</p>\r\n<p>\r\n	<span style=\"font-family:SimSun;font-size:18px;\">&nbsp; 小洲村，位于广州市海珠区，始建于元末明初，是广州城区内发现的最具岭南水乡特色的古村寨“小洲”，已被列为广州市首批16个历史文化保护区之一，并被评为广东省生态示范村。</span>\r\n</p>\r\n<span style=\"font-family:SimSun;font-size:18px;\">&nbsp; 小洲村南临珠江南河道，隔江与番禺相望，东临牌坊河，峙对官洲岛和仑头，西北与土华村相接。小洲村是珠江几千年来冲积形成</span><span style=\"font-family:SimSun;font-size:18px;\">的，面积达6013.8亩，境内河涌长达10公里。村民世代以种果为生，果树成片，瀛洲生态公园与附近的果林共约2万亩，素有广州“南肺”之称。</span><br />\r\n<p>\r\n	<span style=\"font-family:SimSun;\"><span style=\"font-size:18px;\">&nbsp; 这里至今仍保留着岭南水乡最后的小桥流水人家，走进小洲村，就好像走进了一座民俗博物馆。 民居沿河而建，居民枕河而居，随处可见的百年古榕浓荫蔽日，五六百年高龄的蚝壳屋见证着岭南的曾经沧海，阡陌交错间随便跨过的一口古井都有几百年的沉淀。</span></span>\r\n</p>\r\n<p>\r\n	<span style=\"font-family:SimSun;\"><span style=\"font-size:18px;\">&nbsp; 如今的小洲村，还没有完全被现代化的洪流所淹没，传统的东西仍然得到传承。走在村落里，河涌蜿蜒交错、造型各异的小桥枕溪流之上，庄重的祠堂规整有序，古老的宫庙朴实淡雅，传统的民居参差错落，在绿树婆娑的掩映下，象一幅画有小溪、绿树、灰垣、素瓦等具有岭南水乡特点的水墨画。先辈们为小洲村创造了适合人类居住、生活、劳作的理想家园。昔日的瀛洲八景中的“西溪垂钓”、“古渡归帆”和“翰桥夜月”的景色都是与村中的传统建筑有着直接的关系。<br />\r\n&nbsp;除了古道古桥，小洲最让人瞩目的是它的古建筑蚝壳屋。小洲的蚝壳屋已有上百年的历史，曾经多达百余间，如今大部分已被拆毁，仅剩下3间，主要因为屋主举家外迁等原因才得以保留。小洲的祖辈村民们因地取材，从海岸沙堤中掘出大量蚝壳，建造房子。据说，用这种方式构建的屋子，冬暖夏凉，而且不积雨水，不怕虫蛀，很适合岭南的气候。<br />\r\n&nbsp;公园旁边有座已经荒废了的祠堂，祠堂的广场全部用条形青石板铺就，一踏上麻石时，脚步声由地面往下传送，回音沉闷悠长，让人从心里油然生出虔诚来；祠堂里高高的柱梁，给人造成无形的心理暗示，不能不以一种朝圣的心情面对里面的事物；祠堂的石板缝里长满杂草，里面没有任何摆设，正堂牌匾上的雕花素雅自然，墙壁间仿佛写满了光阴的故事；祠堂高翘的屋檐，依稀可见当年雄伟俊俏的风采。这一切都引发着我们对先民们生活的想象，他们在重大的节日里聚集在祠堂中，或祭祀神明祖先，或商议村中事务。<br />\r\n&nbsp;小洲村河道环绕，巷巷相连，古木郁郁葱葱，河中停泊着小木船，河水经年累月拍打着古码头。只是在这代表岭南水乡特色的小桥流水、青砖青瓦的淡雅画卷里，却跳跃着众多新式艳丽的现代楼房。<br />\r\n	<p style=\"text-align:center;\">\r\n		<img src=\"/file/image/20160804/QQ截图20160804231751.jpg\" alt=\"\" /><span style=\"line-height:1.5;\"></span>\r\n	</p>\r\n	<p style=\"text-align:center;\">\r\n		风景迷人，岭南特色独居，写生必备。\r\n	</p>\r\n	<p style=\"text-align:center;\">\r\n		<img src=\"/file/image/20160804/ddd.jpg\" alt=\"\" width=\"700\" height=\"933\" title=\"\" align=\"\" />\r\n	</p>\r\n	<p style=\"text-align:center;\">\r\n		<img src=\"/file/image/20160804/QQ截图20160804232100.jpg\" alt=\"\" width=\"700\" height=\"425\" title=\"\" align=\"\" />\r\n	</p>\r\n</span></span>\r\n</p>\r\n<span style=\"font-family:SimSun;font-size:18px;\"></span><br />','2016-08-04 23:14:41','2016-08-04 23:21:30',0,1,'画室',0,0,'/file/image/20160804/QQ截图20160804231616.jpg',1),(19,'住宿环境','<p style=\"text-align:center;\">\r\n	<span style=\"line-height:1.5;font-size:24px;\"><strong>我们同时也为远来的学生提供住宿</strong></span> \r\n</p>\r\n<p style=\"text-align:center;\">\r\n	<span style=\"line-height:1.5;font-size:24px;\"><strong><img src=\"/file/image/20160804/494ae544b90c4669500ffef7.jpg\" alt=\"\" width=\"800\" height=\"1067\" title=\"\" align=\"\" /><img src=\"/file/image/20160804/20160804235819151619492042.jpg\" alt=\"\" width=\"800\" height=\"534\" title=\"\" align=\"\" /><img src=\"/file/image/20160804/20088292123960.jpg\" alt=\"\" width=\"800\" height=\"1067\" title=\"\" align=\"\" /><img src=\"/file/image/20160804/20109817749532.jpg\" alt=\"\" width=\"800\" height=\"601\" title=\"\" align=\"\" /><img src=\"/file/image/20160804/20110519184653250.jpg\" alt=\"\" width=\"800\" height=\"1067\" title=\"\" align=\"\" /><img src=\"/file/image/20160804/20110723102110477.jpg\" alt=\"\" width=\"800\" height=\"600\" title=\"\" align=\"\" /><img src=\"/file/image/20160804/2010072414024150561985.jpg\" alt=\"\" /><img src=\"/file/image/20160804/20110414150845483332000.jpg\" alt=\"\" width=\"800\" height=\"536\" title=\"\" align=\"\" /><br />\r\n</strong></span>\r\n</p>\r\n<p style=\"text-align:center;\">\r\n	<br />\r\n</p>\r\n<p style=\"text-align:center;\">\r\n	<br />\r\n</p>','2016-08-04 23:58:34','2016-08-05 00:01:40',0,1,'画室',0,0,'/file/image/20160804/151619492042.jpg',1),(20,'精彩活动','<p style=\"text-align:center;\">\r\n	<span style=\"font-family:SimSun;font-size:24px;line-height:1.5;\">我们经常举办各种活动娱乐生活，比如室内游戏，室内烹饪，户外踏青等。</span>\r\n</p>\r\n<p style=\"text-align:center;\">\r\n	<span style=\"font-family:SimSun;font-size:24px;line-height:1.5;\"><img src=\"/file/image/20160805/20160805000834634.jpg\" alt=\"\" /><img src=\"/file/image/20160805/2345.jpg\" alt=\"\" width=\"800\" height=\"1066\" title=\"\" align=\"\" /><img src=\"/file/image/20160805/98765.jpg\" alt=\"\" width=\"800\" height=\"1039\" title=\"\" align=\"\" /><img src=\"/file/image/20160805/66666666666666666.jpg\" alt=\"\" /><img src=\"/file/image/20160805/psb3456.jpg\" alt=\"\" /><img src=\"/file/image/20160805/psb223456.jpg\" alt=\"\" /><br />\r\n</span>\r\n</p>','2016-08-05 00:09:05',NULL,0,1,'admin',0,0,'/file/image/20160805/634.jpg',4),(21,'速写','','2016-08-05 00:26:49',NULL,0,1,'admin',0,1,'/file/image/20160805/345.jpg',12),(22,'头像','','2016-08-05 00:29:57',NULL,0,1,'admin',0,1,'/file/image/20160805/psb23423.jpg',12),(23,'新素描','','2016-08-05 00:30:29',NULL,0,1,'admin',0,1,'/file/image/20160805/mmexport1462695455374.jpg',12);
/*!40000 ALTER TABLE `category` ENABLE KEYS */;
UNLOCK TABLES;

--
-- Table structure for table `config`
--

DROP TABLE IF EXISTS `config`;
/*!40101 SET @saved_cs_client     = @@character_set_client */;
/*!40101 SET character_set_client = utf8 */;
CREATE TABLE `config` (
  `id` bigint(20) NOT NULL AUTO_INCREMENT,
  `title` varchar(100) NOT NULL DEFAULT '',
  `content` longtext NOT NULL,
  `address` longtext,
  `phone` varchar(255) NOT NULL DEFAULT '',
  `webinfo` longtext,
  `photo` varchar(255) NOT NULL DEFAULT '',
  `slogan` longtext,
  `code1` longtext,
  `code2` longtext,
  `code3` longtext,
  PRIMARY KEY (`id`)
) ENGINE=InnoDB AUTO_INCREMENT=2 DEFAULT CHARSET=utf8;
/*!40101 SET character_set_client = @saved_cs_client */;

--
-- Dumping data for table `config`
--

LOCK TABLES `config` WRITE;
/*!40000 ALTER TABLE `config` DISABLE KEYS */;
INSERT INTO `config` VALUES (1,'缀美画室|广州缀美美术学校官网','<p style=\"text-align:center;\">\r\n	<span style=\"font-size:18px;font-family:NSimSun;\"><strong>学校简介</strong></span> \r\n</p>\r\n<p>\r\n	<span style=\"font-size:18px;font-family:NSimSun;\">&nbsp;&nbsp;</span><span style=\"font-size:24px;font-family:FangSong_GB2312;\"><strong><span style=\"font-family:NSimSun;font-size:18px;\">缀美美术学校成立于2006年，至今成立有10年办学历史。</span></strong><span style=\"font-family:NSimSun;font-size:18px;\">现已成为广东省知名的艺考教育培训机构。于2012年注册并正式更名为缀美美术学校。</span></span> \r\n</p>\r\n<p>\r\n	<span style=\"font-size:18px;font-family:NSimSun;\">&nbsp;&nbsp;</span><span style=\"font-size:18px;font-family:NSimSun;\">校区位于广州市海珠区有“广州画家村”之称的小洲村，毗邻大学城，交通方便，生活设施齐全，拥有两层四百平方教学面积，优美而宁静的师生课间休息区，专业展厅，先进的多媒体电教设备。</span> \r\n</p>\r\n<p>\r\n	<span style=\"font-size:18px;font-family:NSimSun;\">&nbsp;&nbsp;</span><span style=\"font-size:18px;font-family:NSimSun;\">缀美深受广大学生的欢迎和信赖，源于它的出类拔萃，教学风格独特的教师团队，勇于创新的教学理念，别具一格的训练方法。准确无误的高考信息，科学严谨的管理方法以及精品的办学成果。</span> \r\n</p>\r\n<p>\r\n	<span style=\"font-size:18px;font-family:NSimSun;\">&nbsp;&nbsp;</span><span style=\"font-size:18px;font-family:NSimSun;\">缀美是你勤奋好学加上我的辛勤付出让你迈进艺术殿堂的成功之门，走进门槛，是你找到成果的起点，是青春与智慧的证明，是你拼搏与收获的开端，在奋斗中拥有人生的辉煌。&nbsp;</span> \r\n</p>\r\n<p>\r\n	<span style=\"font-size:18px;font-family:NSimSun;\">&nbsp;&nbsp;</span><span style=\"font-size:18px;font-family:NSimSun;\">缀美有一班技艺双全的掌舵者，他们都是在艺术的海洋中翱翔多年的勤劳之师，用他们的智慧和经验为你的高考之舟把舵，成就你的梦想。&nbsp;</span> \r\n</p>\r\n<p>\r\n	<span style=\"font-size:18px;font-family:NSimSun;\">&nbsp;&nbsp;</span><span style=\"font-size:18px;font-family:NSimSun;\">缀美有一班技艺双全的掌舵者，他们都在高考中创造辉煌的高考状元和精英，为你树立正确的航标，带领你去铸造自己辉煌和成功。</span> \r\n</p>\r\n<p>\r\n	<span style=\"font-size:18px;font-family:NSimSun;\"> </span> \r\n</p>\r\n<p style=\"text-align:center;font-size:13px;font-family:&quot;text-indent:2em;background-color:#FFFFFF;\">\r\n	<strong><span style=\"font-size:18px;\"><strong><span style=\"color:#4C33E5;\">校长：</span></strong><span style=\"color:#4C33E5;\"><strong>&nbsp;庞铨进&nbsp;</strong></span></span></strong> \r\n</p>\r\n<p style=\"text-align:center;font-size:13px;font-family:&quot;text-indent:2em;background-color:#FFFFFF;\">\r\n	<br />\r\n</p>\r\n<p style=\"text-align:center;font-size:13px;font-family:&quot;background-color:#FFFFFF;\">\r\n	<img src=\"/file/image/20160804/%E5%BA%9E%E9%93%A8%E8%BF%9B%E8%BF%91%E7%85%A7.jpg\" alt=\"\" title=\"\" align=\"\" height=\"400\" width=\"300\" /> \r\n</p>\r\n<p style=\"font-size:13px;font-family:&quot;text-align:center;text-indent:2em;background-color:#FFFFFF;\">\r\n	<br />\r\n</p>\r\n<div style=\"text-align:center;\">\r\n	<strong>&nbsp;</strong> \r\n</div>\r\n<span style=\"font-size:16px;font-family:SimSun;color:#E53333;\"> \r\n<div style=\"text-align:center;\">\r\n	<strong>&nbsp;毕业于广州美术学院雕塑系。</strong> \r\n</div>\r\n</span><span style=\"font-size:16px;font-family:SimSun;color:#E53333;\"> \r\n<div style=\"text-align:center;\">\r\n	<strong>&nbsp; &nbsp; &nbsp; &nbsp; &nbsp; &nbsp; &nbsp; &nbsp; &nbsp; &nbsp; &nbsp; &nbsp; &nbsp; &nbsp; &nbsp; &nbsp;</strong> \r\n</div>\r\n</span><span style=\"font-size:16px;font-family:SimSun;color:#E53333;\"> \r\n<div style=\"text-align:center;\">\r\n	<strong>&nbsp;江湖人称大庞，现居广州。</strong> \r\n</div>\r\n</span><span style=\"font-size:16px;font-family:SimSun;color:#E53333;\"> \r\n<div style=\"text-align:center;\">\r\n	<strong>&nbsp; &nbsp; &nbsp; &nbsp; &nbsp; &nbsp; &nbsp; &nbsp; &nbsp; &nbsp; &nbsp; &nbsp; &nbsp; &nbsp; &nbsp; &nbsp;&nbsp;</strong> \r\n</div>\r\n</span><span style=\"font-size:16px;font-family:SimSun;color:#E53333;\"> \r\n<div style=\"text-align:center;\">\r\n	<strong>广州缀美艺考学校负责人，考前资深培训教师！</strong> \r\n</div>\r\n</span><span style=\"font-size:16px;font-family:SimSun;color:#E53333;\"> \r\n<div style=\"text-align:center;\">\r\n	<strong>&nbsp; &nbsp; &nbsp; &nbsp; &nbsp; &nbsp; &nbsp; &nbsp;&nbsp;</strong> \r\n</div>\r\n</span><span style=\"font-size:16px;font-family:SimSun;color:#E53333;\"> \r\n<div style=\"text-align:center;\">\r\n	<strong>&nbsp;从事一线美术高考十余年，擅长素描、速写、水彩，是多家出版社供稿人。</strong> \r\n</div>\r\n</span><span style=\"font-size:16px;font-family:SimSun;color:#E53333;\"> \r\n<div style=\"text-align:center;\">\r\n	<strong>&nbsp; &nbsp; &nbsp; &nbsp; &nbsp; &nbsp; &nbsp; &nbsp;</strong> \r\n</div>\r\n</span><span style=\"font-size:16px;font-family:SimSun;color:#E53333;\"> \r\n<div style=\"text-align:center;\">\r\n	<strong>&nbsp;教学经验丰富，幽默沉稳、踏实勤奋，善于针对性解决学生问题，深受学生的信赖和喜爱。</strong> \r\n</div>\r\n</span><span style=\"font-size:16px;font-family:SimSun;color:#E53333;\"> \r\n<div style=\"text-align:center;\">\r\n	<strong>&nbsp; &nbsp; &nbsp; &nbsp; &nbsp; &nbsp; &nbsp; &nbsp;&nbsp;</strong> \r\n</div>\r\n</span><span style=\"font-size:16px;font-family:SimSun;color:#E53333;\"> \r\n<div style=\"text-align:center;\">\r\n	<strong>&nbsp;出版与参与出版书籍有：</strong> \r\n</div>\r\n</span><span style=\"font-size:16px;font-family:SimSun;color:#E53333;\"> \r\n<div style=\"text-align:center;\">\r\n	<strong>&nbsp; &nbsp; &nbsp; &nbsp; &nbsp; &nbsp; &nbsp; &nbsp; &nbsp;</strong> \r\n</div>\r\n</span><span style=\"font-size:16px;font-family:SimSun;color:#E53333;\"> \r\n<div style=\"text-align:center;\">\r\n	<strong>《起点静物素描教学》、《诠释素描头像》等等。</strong> \r\n</div>\r\n</span> \r\n<p>\r\n	<br />\r\n</p>\r\n<div style=\"text-align:center;\">\r\n	<span style=\"line-height:1.5;\"></span> \r\n</div>\r\n<p>\r\n	<br />\r\n</p>','<meta name=\"keywords\" content=\"广州画室，广州美术培训机构，广州缀美美术学校官网|缀美画室，美术培训，美术高考培训\"/>\r\n<meta name=\"description\" content=\"广州缀美美术学校官网|缀美画室作为广州画室的佼佼者为各大美术院校和企业输送了大量的美术人才，在广州美术培训机构中排名前列。\"/>\r\n<script>\r\n(function(){\r\n    var bp = document.createElement(\'script\');\r\n    var curProtocol = window.location.protocol.split(\':\')[0];\r\n    if (curProtocol === \'https\') {\r\n        bp.src = \'https://zz.bdstatic.com/linksubmit/push.js\';        \r\n    }\r\n    else {\r\n        bp.src = \'http://push.zhanzhang.baidu.com/push.js\';\r\n    }\r\n    var s = document.getElementsByTagName(\"script\")[0];\r\n    s.parentNode.insertBefore(bp, s);\r\n})();\r\n</script>\r\n','扫描下方二维码','{\"1\":{\"name\":\"教学现场\",\"limit\":6},\r\n\"2\":{\"name\":\"精彩活动\",\"limit\":6},\r\n\"3\":{\"name\":\"招生动态\",\"limit\":6},\r\n\"4\":{\"name\":\"高考喜报\",\"limit\":6},\r\n\"5\":{\"name\":\"美术资讯\",\"limit\":6},\r\n\"6\":{\"name\":\"色彩\",\"limit\":6}}','/file/image/20160804/20160804221639psb.jpg','缀美美术学校成立于2006年，至今成立有10年办学历史。现已成为广东省知名的艺考教育培训机构。','tuziart','<script type=\"text/javascript\">var cnzz_protocol = ((\"https:\" == document.location.protocol) ? \" https://\" : \" http://\");document.write(unescape(\"%3Cspan id=\'cnzz_stat_icon_1260295029\'%3E%3C/span%3E%3Cscript src=\'\" + cnzz_protocol + \"s95.cnzz.com/z_stat.php%3Fid%3D1260295029%26online%3D1%26show%3Dline\' type=\'text/javascript\'%3E%3C/script%3E\"));</script>','<p style=\"text-align:center;\">\r\n	<span style=\"font-size:16px;\">我们正在改变，适应互联网</span> \r\n</p>\r\n<p style=\"text-align:center;\">\r\n	<span style=\"font-size:16px;line-height:21px;\">缀美官网正式启动，更多精彩</span><span style=\"font-size:16px;line-height:1.5;\">扫描校长个人二维码或公众号</span> \r\n</p>\r\n<p style=\"text-align:center;\">\r\n	<span style=\"font-size:16px;line-height:1.5;\"><br />\r\n</span> \r\n</p>\r\n<p style=\"text-align:center;\">\r\n	<span style=\"line-height:1.5;font-size:14px;\"><img src=\"/file/image/20160805/640.jpg\" alt=\"\" title=\"\" align=\"\" height=\"300\" width=\"300\" />&nbsp;&nbsp;<img src=\"/file/image/20160804/108846154041355085.png\" alt=\"\" title=\"\" align=\"\" height=\"247\" width=\"300\" /><span style=\"font-size:16px;\"></span><br />\r\n</span> \r\n</p>\r\n<p style=\"text-align:center;\">\r\n	<span style=\"line-height:1.5;font-size:14px;\"><br />\r\n</span> \r\n</p>\r\n<p style=\"text-align:center;\">\r\n	<span style=\"line-height:1.5;font-size:16px;\">Copyright &copy; 2012-2016,www.tuziart.top All rights reserved</span> \r\n</p>\r\n<p style=\"text-align:center;\">\r\n	<span style=\"line-height:1.5;font-size:16px;\">版权所有 &copy;广州缀美美术学校官网 &nbsp;</span> \r\n</p>\r\n<p style=\"text-align:center;\">\r\n	<span style=\"font-size:14px;line-height:21px;\"><span style=\"font-size:16px;\">版面参考：</span><a href=\"http://www.caa.edu.cn/index.html\" target=\"_blank\"><span style=\"font-size:16px;\">中国美术学院</span></a></span> \r\n</p>');
/*!40000 ALTER TABLE `config` ENABLE KEYS */;
UNLOCK TABLES;

--
-- Table structure for table `group`
--

DROP TABLE IF EXISTS `group`;
/*!40101 SET @saved_cs_client     = @@character_set_client */;
/*!40101 SET character_set_client = utf8 */;
CREATE TABLE `group` (
  `id` bigint(20) NOT NULL AUTO_INCREMENT,
  `name` varchar(100) NOT NULL DEFAULT '',
  `title` varchar(100) NOT NULL DEFAULT '',
  `status` int(11) NOT NULL DEFAULT '2',
  `sort` int(11) NOT NULL DEFAULT '1',
  PRIMARY KEY (`id`)
) ENGINE=InnoDB AUTO_INCREMENT=4 DEFAULT CHARSET=utf8;
/*!40101 SET character_set_client = @saved_cs_client */;

--
-- Dumping data for table `group`
--

LOCK TABLES `group` WRITE;
/*!40000 ALTER TABLE `group` DISABLE KEYS */;
INSERT INTO `group` VALUES (1,'画室官网','后台管理',1,1),(2,'画室官网','文章管理',1,2),(3,'画室官网','图片管理',1,3);
/*!40000 ALTER TABLE `group` ENABLE KEYS */;
UNLOCK TABLES;

--
-- Table structure for table `node`
--

DROP TABLE IF EXISTS `node`;
/*!40101 SET @saved_cs_client     = @@character_set_client */;
/*!40101 SET character_set_client = utf8 */;
CREATE TABLE `node` (
  `id` bigint(20) NOT NULL AUTO_INCREMENT,
  `title` varchar(100) NOT NULL DEFAULT '',
  `name` varchar(100) NOT NULL DEFAULT '',
  `level` int(11) NOT NULL DEFAULT '1',
  `pid` bigint(20) NOT NULL DEFAULT '0',
  `remark` varchar(200) DEFAULT NULL,
  `status` int(11) NOT NULL DEFAULT '2',
  `group_id` bigint(20) NOT NULL,
  PRIMARY KEY (`id`)
) ENGINE=InnoDB AUTO_INCREMENT=65 DEFAULT CHARSET=utf8;
/*!40101 SET character_set_client = @saved_cs_client */;

--
-- Dumping data for table `node`
--

LOCK TABLES `node` WRITE;
/*!40000 ALTER TABLE `node` DISABLE KEYS */;
INSERT INTO `node` VALUES (1,'权限中心','rbac',1,0,'',1,1),(2,'节点管理','node/index',2,1,'',1,1),(3,'节点首页','Index',3,2,'',1,1),(4,'增编节点','AddAndEdit',3,2,'',1,1),(5,'删除节点','DelNode',3,2,'',1,1),(6,'用户管理','user/index',2,1,'',1,1),(7,'用户首页','Index',3,6,'',1,1),(8,'增加用户','AddUser',3,6,'',1,1),(9,'更新用户','UpdateUser',3,6,'',1,1),(10,'删除用户','DelUser',3,6,'',1,1),(11,'分组管理','group/index',2,1,'',1,1),(12,'分组首页','Index',3,11,'',1,1),(13,'增加分组','AddGroup',3,11,'',1,1),(14,'更新分组','UpdateGroup',3,11,'',1,1),(15,'删除分组','DelGroup',3,11,'',1,1),(16,'角色管理','role/index',2,1,'',1,1),(17,'角色首页','index',3,16,'',1,1),(18,'增编角色','AddAndEdit',3,16,'',1,1),(19,'删除角色','DelRole',3,16,'',1,1),(20,'列出角色','GetList',3,16,'',1,1),(21,'显示权限','AccessToNode',3,16,'',1,1),(22,'增加权限','AddAccess',3,16,'',1,1),(23,'列出角色下用户','RoleToUserList',3,16,'',1,1),(24,'授予用户角色','AddRoleToUser',3,16,'',1,1),(25,'配置中心','config',1,0,'',1,1),(26,'网站配置','option/index',2,25,'',1,1),(27,'网站配置首页','Index',3,26,'',1,1),(28,'更新网站配置','UpdateOption',3,26,'',1,1),(29,'个人信息','user/index',2,25,'',1,1),(30,'个人信息首页','Index',3,29,'',1,1),(31,'更新个人信息','UpdateUser',3,29,'',1,1),(32,'文章中心','blog',1,0,'',1,2),(33,'目录列表','category/index',2,32,'',1,2),(34,'目录列表首页','Index',3,33,'',1,2),(35,'增加目录','AddCategory',3,33,'',1,2),(36,'修改目录','UpdateCategory',3,33,'',1,2),(37,'文章列表','paper/index',2,32,'',1,2),(38,'文章列表首页','Index',3,37,'',1,2),(39,'增加文章','AddPaper',3,37,'',1,2),(40,'修改文章','UpdatePaper',3,37,'',1,2),(41,'回收文章','DeletePaper',3,37,'',1,2),(42,'删除文章','RealDelPaper',3,37,'',1,2),(43,'图片中心','picture',1,0,'',1,3),(44,'相册管理','album/index',2,43,'',1,3),(45,'相册首页','Index',3,44,'',1,3),(46,'增加相册','AddAlbum',3,44,'',1,3),(47,'删除相册','DeleteAlbum',3,44,'',1,3),(48,'修改相册','UpdateAlbum',3,44,'',1,3),(49,'图片管理','photo/index',2,43,'',1,3),(50,'图片首页','Index',3,49,'',1,3),(51,'增加图片','AddPhoto',3,49,'',1,3),(52,'回收图片','DeletePhoto',3,49,'',1,3),(53,'修改图片','UpdatePhoto',3,49,'',1,3),(54,'删除图片','RealDelPhoto',3,49,'',1,3),(55,'删除目录','DeleteCategory',3,33,'',1,2),(56,'文章回收站','paper/rubbish',2,32,'',1,2),(57,'文章回收站','Rubbish',3,56,'',1,2),(58,'图片回收站','photo/rubbish',2,43,'',1,3),(59,'图片回收站','Rubbish',3,58,'',1,3),(60,'首页轮转','roll/index',2,25,'',1,1),(61,'轮转列表','Index',3,60,'',1,1),(62,'增加轮转','AddRoll',3,60,'',1,1),(63,'更新轮转','UpdateRoll',3,60,'',1,1),(64,'删除轮转','DeleteRoll',3,60,'',1,1);
/*!40000 ALTER TABLE `node` ENABLE KEYS */;
UNLOCK TABLES;

--
-- Table structure for table `node_roles`
--

DROP TABLE IF EXISTS `node_roles`;
/*!40101 SET @saved_cs_client     = @@character_set_client */;
/*!40101 SET character_set_client = utf8 */;
CREATE TABLE `node_roles` (
  `id` bigint(20) NOT NULL AUTO_INCREMENT,
  `node_id` bigint(20) NOT NULL,
  `role_id` bigint(20) NOT NULL,
  PRIMARY KEY (`id`)
) ENGINE=InnoDB DEFAULT CHARSET=utf8;
/*!40101 SET character_set_client = @saved_cs_client */;

--
-- Dumping data for table `node_roles`
--

LOCK TABLES `node_roles` WRITE;
/*!40000 ALTER TABLE `node_roles` DISABLE KEYS */;
/*!40000 ALTER TABLE `node_roles` ENABLE KEYS */;
UNLOCK TABLES;

--
-- Table structure for table `paper`
--

DROP TABLE IF EXISTS `paper`;
/*!40101 SET @saved_cs_client     = @@character_set_client */;
/*!40101 SET character_set_client = utf8 */;
CREATE TABLE `paper` (
  `id` bigint(20) NOT NULL AUTO_INCREMENT,
  `title` varchar(100) NOT NULL DEFAULT '',
  `content` longtext NOT NULL,
  `descontent` longtext,
  `createtime` datetime DEFAULT NULL,
  `updatetime` datetime DEFAULT NULL,
  `sort` bigint(20) NOT NULL DEFAULT '0',
  `status` bigint(20) NOT NULL DEFAULT '0',
  `author` varchar(255) NOT NULL DEFAULT '',
  `photo` varchar(255) NOT NULL DEFAULT '',
  `view` bigint(20) NOT NULL DEFAULT '0',
  `cid` bigint(20) NOT NULL DEFAULT '0',
  `istop` bigint(20) NOT NULL DEFAULT '0',
  `ishot` bigint(20) NOT NULL DEFAULT '0',
  `isroll` bigint(20) NOT NULL DEFAULT '0',
  `rollpath` varchar(255) NOT NULL DEFAULT '',
  `type` int(11) DEFAULT '0',
  PRIMARY KEY (`id`)
) ENGINE=InnoDB AUTO_INCREMENT=107 DEFAULT CHARSET=utf8;
/*!40101 SET character_set_client = @saved_cs_client */;

--
-- Dumping data for table `paper`
--

LOCK TABLES `paper` WRITE;
/*!40000 ALTER TABLE `paper` DISABLE KEYS */;
INSERT INTO `paper` VALUES (52,'素描：梨子','','梨子速画。','2016-06-26 07:34:04','2016-06-26 15:35:32',0,1,'学生','/file/image/20160804/2014-07-13 15.41.15 - 副本.jpg',119,10,0,0,0,'',1),(53,'素描：西红柿蒜锅','','室内速画。','2016-07-17 15:44:01',NULL,0,1,'学生','/file/image/20160804/2014-07-27 22.15.51 - 副本.jpg',55,10,0,0,0,'',1),(54,'素描：一只可怜的苹果','','就是一只苹果而已','2016-07-18 15:46:17','2016-07-18 15:46:42',0,1,'学生','/file/image/20160804/2014-10-15 12.08.27 - 副本 - 副本.jpg',52,10,0,0,0,'',1),(55,'倒立的老狮子','','画是斜的，是的。','2016-07-21 15:49:56',NULL,0,1,'学生','/file/image/20160804/20140912_173529 - 副本.jpg',43,16,0,0,0,'',1),(56,'我爱矿泉水不爱水果','','画得丑，不要见怪。','2016-07-22 15:53:55',NULL,0,1,'学生','/file/image/20160804/mmexport1420217892643.jpg',40,11,0,0,0,'',1),(57,'喜欢肯德基的味道','','那是麦当劳好吗？','2016-07-21 07:55:18',NULL,0,1,'吃货学生','/file/image/20160804/20160804235411mmexport1420217892695.jpg',44,11,0,0,0,'',1),(58,'水果怎么会和台灯在一起','','那支笔是什么牌子的？','2016-07-21 23:56:25',NULL,0,1,'糊涂的学生','/file/image/20160804/20160804235545mmexport1420217892742.jpg',42,11,0,0,0,'',1),(59,'学生作品：静物素描','','静物素描','2016-07-21 09:00:32',NULL,0,1,'学生','/file/image/20160805/20140808_222422 - 副本.jpg',44,9,0,0,0,'',1),(60,'学生作品：动物素描','<img src=\"/file/image/20160805/20140912_171816 - 副本.jpg\" alt=\"\" width=\"800\" height=\"600\" title=\"\" align=\"\" />','我是一只蛤蟆','2016-07-06 09:01:46','2016-07-06 09:07:37',0,1,'学生','/file/image/20160805/20140912_171825 - 副本.jpg',89,9,0,0,0,'',1),(61,'学生色彩画','','颜色控制度很高。','2016-07-18 17:08:31',NULL,0,1,'学生','/file/image/20160805/mmexport1420217892695.jpg',52,9,0,0,0,'',1),(62,'教师作品:静物','','教师作品:静物','2016-07-22 13:38:37',NULL,0,1,'教师','/file/image/20160808/psb.jpg',52,7,0,0,0,'',1),(63,'教师作品:静物','','教师作品:静物','2016-07-25 21:39:01',NULL,0,1,'教师作品','/file/image/20160808/mmexport1420217892615.jpg',42,7,0,0,0,'',1),(64,'教师作品:静物','','教师作品:静物','2016-07-25 21:39:28',NULL,0,1,'教师作品','/file/image/20160808/mmexport1420217892428.jpg',42,7,0,0,0,'',1),(65,'教师作品:静物','','教师作品:静物','2016-07-24 21:39:58',NULL,0,1,'教师','/file/image/20160808/mmexport1420217892393.jpg',45,7,0,0,0,'',1),(66,'教师作品:静物','','教师作品:静物','2016-07-25 05:40:30',NULL,0,1,'教师','/file/image/20160808/2008521424.jpg',44,7,0,0,0,'',1),(67,'教师作品：色彩','','教师作品：色彩','2016-06-20 21:45:55',NULL,0,1,'教师','/file/image/20160808/7867.jpg',147,13,0,0,0,'',1),(68,'教师作品：色彩','','教师作品：色彩','2016-06-26 21:46:21',NULL,0,1,'教师','/file/image/20160808/485745.jpg',129,13,0,0,0,'',1),(69,'教师作品：色彩','','教师作品：色彩','2016-06-03 13:46:40',NULL,0,1,'教师','/file/image/20160808/mmexport1420217892879.jpg',199,13,0,0,0,'',1),(70,'教师作品：色彩','','教师作品：色彩','2016-05-25 21:46:59',NULL,0,1,'教师','/file/image/20160808/mmexport1420217892894.jpg',225,13,0,0,0,'',1),(71,'教师作品：色彩','','教师作品：色彩','2016-06-21 05:47:16',NULL,0,1,'教师','/file/image/20160808/mmexport1420217892908.jpg',146,13,0,0,0,'',1),(72,'教师作品：色彩','','教师作品：色彩','2016-06-18 21:47:37',NULL,0,1,'教师','/file/image/20160808/20160808214725psb.jpg',153,13,0,0,0,'',1),(73,'教师作品：色彩','','教师作品：色彩','2016-06-01 13:47:52',NULL,0,1,'教师','/file/image/20160808/psb45.jpg',205,13,0,0,0,'',1),(74,'教师作品：色彩','','教师作品：色彩','2016-06-21 21:48:13',NULL,0,1,'教师','/file/image/20160808/psb455.jpg',144,13,0,0,0,'',1),(75,'教师作品：色彩','','教师作品：色彩','2016-06-14 13:48:56',NULL,0,1,'教师','/file/image/20160808/psb458.jpg',166,13,0,0,0,'',1),(76,'教师作品：色彩','','教师作品：色彩','2016-06-30 13:49:12',NULL,0,1,'教师','/file/image/20160808/psb而特特.jpg',118,13,0,0,0,'',1),(77,'教师作品：色彩','','教师作品：色彩','2016-06-09 13:49:46',NULL,0,1,'教师','/file/image/20160808/psb非国有.jpg',181,13,0,0,0,'',1),(78,'教师作品：色彩','','教师作品：色彩','2016-06-23 21:50:07',NULL,0,1,'教师','/file/image/20160808/psb附图一.jpg',138,13,0,0,0,'',1),(79,'教师作品：色彩','','教师作品：色彩','2016-02-26 21:50:21',NULL,0,1,'教师','/file/image/20160808/psb铁友.jpg',492,13,0,0,0,'',1),(80,'教师作品：色彩','','教师作品：色彩','2016-06-03 05:50:41',NULL,0,1,'教师','/file/image/20160808/二.jpg',200,13,0,0,0,'',1),(81,'教师作品：色彩','','教师作品：色彩','2016-06-28 21:50:54',NULL,0,1,'教师','/file/image/20160808/翻译psb.jpg',123,13,0,0,0,'',1),(82,'教师作品：色彩','','教师作品：色彩','2016-06-21 05:51:14',NULL,0,1,'教师','/file/image/20160808/方廷皓.jpg',146,13,0,0,0,'',1),(83,'教师作品：色彩','','教师作品：色彩','2016-06-23 13:51:38',NULL,0,1,'教师','/file/image/20160808/问题我.jpg',139,13,0,0,0,'',1),(84,'教师作品：色彩','','教师作品：色彩','2015-09-09 13:51:52',NULL,0,1,'教师','/file/image/20160808/最幸福.jpg',1003,13,0,0,0,'',1),(85,'教师作品：速写','','教师作品：速写','2016-07-05 21:52:16',NULL,0,1,'教师','/file/image/20160808/345.jpg',102,21,0,0,0,'',1),(86,'教师作品：速写','','教师作品：速写','2016-07-04 05:52:32',NULL,0,1,'教师','/file/image/20160808/456.jpg',107,21,0,0,0,'',1),(87,'教师作品：速写','','教师作品：速写','2016-07-05 13:52:50',NULL,0,1,'教师','/file/image/20160808/464.jpg',103,21,0,0,0,'',1),(88,'教师作品：速写','','教师作品：速写','2016-07-08 21:53:09',NULL,0,1,'教','/file/image/20160808/4534.jpg',93,21,0,0,0,'',1),(89,'教师作品：速写','','教师作品：速写','2016-07-06 21:53:23',NULL,0,1,'教师','/file/image/20160808/4544.jpg',99,21,0,0,0,'',1),(90,'教师作品：速写','','教师作品：速写','2016-07-06 21:53:36',NULL,0,1,'教师','/file/image/20160808/34546.jpg',99,21,0,0,0,'',1),(91,'教师作品：速写','','教师作品：速写','2016-07-03 21:53:55',NULL,0,1,'教师','/file/image/20160808/353646.jpg',108,21,0,0,0,'',1),(92,'教师作品：速写','','教师作品：速写','2016-07-10 21:54:11',NULL,0,1,'教师','/file/image/20160808/456457.jpg',87,21,0,0,0,'',1),(93,'教师作品：速写','','教师作品：速写','2016-07-11 21:54:27',NULL,0,1,'教师','/file/image/20160808/464565.jpg',84,21,0,0,0,'',1),(94,'教师作品：速写','','教师作品：速写','2016-07-01 21:54:41',NULL,0,1,'教师','/file/image/20160808/20160808215433psb.jpg',114,21,0,0,0,'',1),(95,'教师作品：头像','','教师作品：头像','2016-07-28 05:55:26',NULL,0,1,'教师','/file/image/20160808/(⊙o⊙)…梯56.jpg',35,22,0,0,0,'',1),(96,'教师作品：头像','','教师作品：头像','2016-07-26 21:56:57',NULL,0,1,'教师','/file/image/20160808/342343.jpg',39,22,0,0,0,'',1),(97,'教师作品：头像','','教师作品：头像','2016-07-25 05:57:12',NULL,0,1,'教师','/file/image/20160808/mmexport1420217892567.jpg',44,22,0,0,0,'',1),(98,'教师作品：头像','','教师作品：头像','2016-07-27 13:57:27',NULL,0,1,'教师','/file/image/20160808/mmexport1420217892599.jpg',37,22,0,0,0,'',1),(99,'教师作品：头像','','教师作品：头像','2016-07-26 13:57:44',NULL,0,1,'教师','/file/image/20160808/mmexport1420217892864.jpg',40,22,0,0,0,'',1),(100,'教师作品：头像','','教师作品：头像','2016-07-25 13:58:15',NULL,0,1,'教师','/file/image/20160808/mmexport1420217892922.jpg',43,22,0,0,0,'',1),(101,'教师作品：头像','','教师作品：头像','2016-07-28 05:58:40',NULL,0,1,'教师','/file/image/20160808/psb45645.jpg',35,22,0,0,0,'',1),(102,'如何确立中国美术可持续发展观','<p style=\"font-family:宋体;font-size:14px;\">\r\n	<span style=\"font-size:14px;font-family:&quot;\"><span style=\"font-family:&quot;font-size:14px;line-height:21px;\">&emsp;&emsp;</span>当下中国美术面临的价值困境，是如何回应西方艺术进化论话语体系提出的“当代性”命题，以及在此种全球化语境的渗透中如何确立当代中国美术的发展观。</span> \r\n</p>\r\n<p style=\"font-family:宋体;font-size:14px;\">\r\n	<span style=\"font-size:14px;font-family:&quot;\">&emsp;&emsp;新世纪以来，随着中国艺术家参与国际双年展机遇的增多和国内创办国际双年展的蓬勃兴盛，欧美流行的当代艺术开始大面积地冲击国内架上艺术，阿瑟·丹托的艺术终结论也渐浸国内学界。这不仅影响了国内民族美术的健康发展，而且绘画能否进入当代艺术史让某些美术家心存疑虑。一些批评家认为，进入工业化社会，摄影就取代了人类以手工艺术为表征的绘画，摄影成为图像叙事的主角，绘画从此进入本体自立的时代；进入信息化社会，电子图像已完全替换了人类所有的图像生产与传播，艺术从此进入观念创意的新媒体时代。还有的批评家认为，全球化时代所建立起来的当代艺术，是一种真正意义上的国际艺术，这种国际艺术不仅消解了艺术种类的分割，使艺术门类边界模糊、画种概念趋于融混，而且消解了艺术的地域性与民族性。正是基于此种对于艺术“当代性”的理解，造成了国内不少青年艺术家主动放弃包括国画、油画、版画和雕塑在内的架上艺术，而积极投身以观念、行为、装置、影像等为代表的当代艺术创作，并认为国内这种仍然持守单一艺术品种划分的创作，是一种保守的过去时的艺术，必将为国际性的当代艺术所取代。具有西方色彩的“当代性”，成为当下许多批评家进行艺术判断的关键词和核心话语，而不忍离弃架上艺术创作的一些美术家也常常为“当代性”所困，他们既不能在学理上找到架上艺术是否存在发展空间的理论依据，也不能明晰图像时代的绘画究竟是否存在艺术史的价值。</span> \r\n</p>\r\n<p style=\"font-family:宋体;font-size:14px;\">\r\n	<span style=\"font-size:14px;font-family:&quot;\">&emsp;&emsp;显然，建立和持有什么样的艺术发展观也决定了怎样的“当代性”判断。西方艺术所确立的艺术进化论发展观由来已久，且不说欧洲社会政治、经济、哲学对于其艺术的影响，就欧洲绘画而言也许和科学走得最近。如果没有透视学和解剖学的发明与建立，就不可能形成奠定欧洲近代艺术发展基础的文艺复兴写实绘画；如果没有对光谱学的发现，也就不可能形成追求光色表现的印象主义。可以说，艺术和科学一样，是西方文化认知自然与社会的两种基本途径，这便决定了西方艺术的演进总是伴随着自然科学的发现而获得新的发展动力，也造成了从19世纪末到20世纪直至今天，西方美术总是以进化论的思维方法来提供理论支撑。正因如此，1839年达盖尔发明照相机，便开始动摇了西方模仿再现的艺术理论根基，当时画家保罗·德拉罗什就宣布绘画的死亡。此后，有关架上艺术终结之焦虑从未削减。其实，西方艺术史一直存在两个主要情结，一个是瓦萨里情结，一个是格林伯格情结。瓦萨里把绘画构建为再现的艺术，认为其随着时间的推移越来越精微地“征服视觉表象”。当电影证明能够比绘画更好地描绘现实时，这种绘画叙事就终结了。现代主义发轫于提出绘画自身不依据叙事所具有的那些价值，格林伯格根据艺术的识别条件，重新界定了形成绘画艺术与其他所有艺术相区别的“平面性”语言。而在后现代社会，绘画已被新媒体极其强大的图像生产与传播功能所挤迫，艺术家从图像生产的牢笼中解放，转向了观念的赋予与创造。</span> \r\n</p>\r\n<p style=\"font-family:宋体;font-size:14px;\">\r\n	<span style=\"font-size:14px;font-family:&quot;\">&emsp;&emsp;然而，中国当代美术的创作实践并非按照西方艺术史的演变轨迹来进化。国画在经历20世纪主动接受西方写实绘画的改良和现代主义的洗礼之后，在水墨与工笔两个领域均获得了长足发展；油画在被主动引进中国的百年后，不仅在持续研习欧洲油画传统和反映当代中国现实生活的过程中获得了本土性的深化，而且得到了面貌多样的当代性拓展；版画在新世纪以来众多青年艺术家的多元探索下，具备了颇为深入的当代性特征；水彩、漆画、综合材料绘画等，已逐步建立起相对完备和独特的艺术语言体系。特别是随着中国经济实力的不断增强，中国艺术市场的成交额已跃居世界前列，中国这些当代美术品类的繁荣，实际上都得到了前景广阔的市场经济的支撑。当代中国美术的探索实践和社会认同度，无疑打破了一些欧美艺术理论的断言，也远远超出了他们的艺术批评视野与学术判断。</span> \r\n</p>\r\n<p style=\"font-family:宋体;font-size:14px;\">\r\n	<span style=\"font-size:14px;font-family:&quot;\">&emsp;&emsp;应当承认，20世纪以来尤其是新时期以来的中国美术发展与现代性转型，都是深度引进、借鉴和参照欧美艺术发展史的结果。从这个角度看，中国当代美术价值观是对西方美术一些基本价值命题的参照与沿用，但也因中国用这百年时间浓缩西方近代数百年的艺术演变理念，尤其是在新时期才真正全方位地打开西方数百年的艺术视野，这便造成了西方艺术史的演进逻辑对于当代中国美术发展的部分失效，也即中国对西方造型艺术的研习及对其架上艺术的认知，既可能是顺时的，更可能是逆时的。值得称道的是，中国美术在这种引进与借鉴中，始终没有放弃主体性立场，这其中不仅有民族艺术传统的主体，也有我党从20世纪40年代开始倡导并逐步建立起来的以人民为创作导向的国家美术主体。最关键的是，西方艺术史的演变逻辑并没有包含对中国传统绘画的认知，也即西方艺术进化论所探讨的核心命题并未覆盖中国画学理论。譬如，中国画学从来都是在主客体之间寻求平衡适度的艺术，既不崇尚再现也未脱离物象，这就使得照相术的发明和这种东方绘画并不直接发生艺术变革的逻辑关联，因而图像生产的机械化或数码化也都不会对此构成一种本质上的威胁。</span> \r\n</p>\r\n<p style=\"font-family:宋体;font-size:14px;\">\r\n	<span style=\"font-size:14px;font-family:&quot;\">&emsp;&emsp;与伴随科技发展而不断进化的西方艺术不完全相同，中国传统美术的演变远离科技文明的递进，其文化发展思维道技并举，并往往呈现“进”与“退”同时并存的现象。南梁刘勰在《文心雕龙》中曾有“迹有巧拙，艺无古今”的论断。也即，在中国人看来，创新并不是衡量艺术发展最重要的价值标准。作品艺术水准的优劣比新旧更重要。元代赵孟&nbsp;提出了“作画贵有古意”的命题，“以旧为新”“借古开今”从此也成为中国画学演变的另一种重要思想方法。这或许也说明了为何中国画在引进西方写实造型之后，依然要以是否符合中国画写意特征来进行价值判断的重要缘由。中国画自南齐谢赫提出“六法”之后，“骨法用笔”“气韵生动”等的价值判断至今未变，这说明在中国民族文化的潜意识里有关国画乃至有关艺术，都存在着某种恒定的价值准则，而国画的演变只是在这个恒定的价值系统里加入了时代的、个性的乃至异质文化的元素，并对其进行修正、调整、新创和再造。对于每个时代、每位个体艺术家而言，研习和传承这种恒定的艺术价值系统，就成为一条从古至今绵延不绝的文化脉络，新创与再造都是在这条脉络的主干上进行的修补、添加和增色。与西方艺术跳跃式或断裂式的进化相比，中国美术的发展具有完整的延续性特质，是延续中的递进或后退，这或许就是东西方美术在艺术发展观上存在的巨大差异。</span> \r\n</p>\r\n<p style=\"font-family:宋体;font-size:14px;\">\r\n	<span style=\"font-size:14px;font-family:&quot;\">&emsp;&emsp;任何一个国家、任何一个时代、任何一个美术家的艺术发展与探索，都必然要面对怎样处理历史与当下、本土与他者的关系问题。当代中国美术发展观对于“当下性”的理解，就是秉持传承与创造的辩证统一。这是当代中国美术对于艺术发展持有的一种基本态度和方法。这种价值观首先强调中国当代美术对于中外一切美术传统精华的延续，而不是断裂或颠覆；其次则是在延续与传承的基础上进行时代性变革与个性化创造，没有哪一种能够完全脱离民族或国家文化血脉的所谓国际主义的艺术。当代中国美术的发展实践证明，颠覆传统的所谓“当代”和专事摹仿的所谓“传统”，都难以经得起历史的考量；而欧洲油画在中国的再生，也表明异质文化的交互作用能够生发新的文化变异，这同样是美术可持续发展的动力！令人欣慰的是，当代一些欧美艺术家、批评家也开始反思架上艺术是否真的进入了坟墓，有关人类艺术的发展方式值得东西方两种文明进行更深入的交流与探讨。因而，不盲从、不迷信某些惊世骇俗的西方理论学说，也许才能真正坚定地探寻中国美术自主发展的路！</span> \r\n</p>\r\n<p style=\"font-family:宋体;font-size:14px;\">\r\n	<span style=\"font-size:14px;font-family:&quot;\">&emsp;&emsp;（尚辉）</span> \r\n</p>','当代中国美术的发展实践证明，颠覆传统的所谓“当代”和专事摹仿的所谓“传统”，都难以经得起历史的考量；而欧洲油画在中国的再生，也表明异质文化的交互作用能够生发新的文化变异，这同样是美术可持续发展的动力！令人欣慰的是，当代一些欧美艺术家、批评家也开始反思架上艺术是否真的进入了坟墓，有关人类艺术的发展方式值得东西方两种文明进行更深入的交流与探讨。因而，不盲从、不迷信某些惊世骇俗的西方理论学说，也许才能真正坚定地探寻中国美术自主发展的路！','2016-07-14 14:12:00','2016-07-15 06:13:34',0,1,'尚辉|光明日报','/file/image/20160808/res06_attpic_brief.jpg',75,6,1,0,0,'',0),(103,'艺考曾是上大学“捷径” 但以后绝非是“坦途”','<p style=\"color:#333333;font-family:&quot;font-size:14px;\">\r\n	&emsp;&emsp;今年高考录取已近尾声。据统计，今年共有3.1万高三学生报考艺术类专业，涉及专业包括美术与设计学类、音乐学类、舞蹈学类、戏剧与影视学类(表演)、戏剧与影视学类(广播电视编导)等。\r\n</p>\r\n<p style=\"color:#333333;font-family:&quot;font-size:14px;\">\r\n	&emsp;&emsp;一直以来，和普通高考同时进行的艺术高考，尤其是参与学生数量最多的美术类专业高考及各高校校考，都被家长和学生视作“曲线救国”上大学的“捷径”。但近几年，随着相关教育政策的收紧，这一“捷径”却越来越不平坦。\r\n</p>\r\n<p style=\"color:#333333;font-family:&quot;font-size:14px;\">\r\n	&emsp;<strong>&emsp;组织美术校考的高校越来越少</strong> \r\n</p>\r\n<p style=\"color:#333333;font-family:&quot;font-size:14px;\">\r\n	&emsp;&emsp;以往每年从12月份开始到次年的3月份，是众多有美术类专业的高校大规模组织校考的时间段，最多的时候，组织美术类专业校考的高校可以达到一两百所。去年，在湖北组织美术校考的高校有140多所，但今年锐减到60多所。\r\n</p>\r\n<p style=\"color:#333333;font-family:&quot;font-size:14px;\">\r\n	&emsp;&emsp;湖北省内，除湖北美术学院外，今年取消美术校考的高校包括华中科技大学、武汉理工大学、中南财经政法大学、华中农业大学、中南民族大学、湖北大学、江汉大学等多所院校，均不组织美术与设计学类专业的“校考”，直接使用全省统考成绩作为考生的专业成绩进行录取。即使是其他艺术类专业的“校考”，也仅只有少数高校组织。\r\n</p>\r\n<p style=\"color:#333333;font-family:&quot;font-size:14px;\">\r\n	&emsp;&emsp;青山区一所高中美术班班主任介绍，以往，艺考的两三个月，一个考生可以至少参加一二十所高校的校考。但今年她的学生能参加的美术类校考仅仅只有一两所高校。“校考少了后，学生上大学的选择面实际上大幅度减小了。”\r\n</p>\r\n<p style=\"color:#333333;font-family:&quot;font-size:14px;\">\r\n	&emsp;&emsp;该老师说。因为取消校考后，高校只能把美术联考的成绩作为录取依据，看不出专业的区分度，且联考成绩有时难以拉开学生之间的距离。\r\n</p>\r\n<p style=\"color:#333333;font-family:&quot;font-size:14px;\">\r\n	&emsp;&emsp;在谈到今后高校艺术类招生的相关政策时，省招办明确指出，为了减少艺考生负担，降低校考的考试风险，使艺考更加公平、公开、公正，国家取消美术类专业校考将是必然趋势。\r\n</p>\r\n<p style=\"color:#333333;font-family:&quot;font-size:14px;\">\r\n	&emsp;&emsp;<strong>专业考试越来越难</strong> \r\n</p>\r\n<p style=\"color:#333333;font-family:&quot;font-size:14px;\">\r\n	&emsp;&emsp;今年，报考参加湖北省美术联考的考生约1.9万人，较去年减少近3000人。实际上，近6年来，报名美术联考的考生人数一直在下降。从2010年到2016年，6年间考生人数从2.9万人减少到1.9万人。\r\n</p>\r\n<p style=\"color:#333333;font-family:&quot;font-size:14px;\">\r\n	&emsp;&emsp;而和报考人数减少相反，联考和少数高校的校考的考试题目，难度并未降低，甚至还越来越难。\r\n</p>\r\n<p style=\"color:#333333;font-family:&quot;font-size:14px;\">\r\n	&emsp;&emsp;湖北省美术联考的试题包括色彩、素描和速写。今年考生要画鲜花、陶罐、苹果和橘子，默写部分是盛有半杯红酒的高脚杯和水果刀，素描考题为接听手机的男青年肖像模拟写生，速写考题为模拟写生一位男青年和一位女青年手机自拍动态组合。\r\n</p>\r\n<p style=\"color:#333333;font-family:&quot;font-size:14px;\">\r\n	&emsp;&emsp;“其实平时陶罐、水果之类的我们平时练习得很多，题目不算难，但越平实的东西越难画出彩。”洪山区今年的美术考生小赵说，美术联考注重考查学生基本功，如果是半路出家的学生，几个月的“临时抱佛脚”突击学习很难拿高分。\r\n</p>\r\n<p style=\"color:#333333;font-family:&quot;font-size:14px;\">\r\n	&emsp;&emsp;湖北美术学院是省内设置校考的少数高校之一，近几年该校每年招生计划均为2000人。相比往年，今年报名校考的考生比去年减少6000人次，但该校试题难度近几年逐年增加。去年该校考过“头盔和鸡尾酒组合”，除了考查学生基本功，更剔除了指望投机的考生。今年该校3门科目考题全部从实物写生改为画照片，既保证了公平公正、杜绝泄露考题，更让一些平时习惯了“题海战术”的美术考生难以适应。\r\n</p>\r\n<p style=\"color:#333333;font-family:&quot;font-size:14px;\">\r\n	&emsp;&emsp;<strong>文化分要求越来越高</strong> \r\n</p>\r\n<p style=\"color:#333333;font-family:&quot;font-size:14px;\">\r\n	&emsp;&emsp;近两年，艺术高考报考人数减少主要原因，一方面是近几年全省生源总人数在逐年减少，另外更重要的影响在于，文化分的“门槛”逐年提高，对那些平时文化成绩相对较差，想通过艺术高考上大学的考生来说，这也许是最关键的问题。\r\n</p>\r\n<p style=\"color:#333333;font-family:&quot;font-size:14px;\">\r\n	&emsp;&emsp;从2015年开始，各大高校在录取艺术类考生时已加大文化分在录取中的比重。近几年，鲁迅美术学院、北京电影学院、北京服装学院等各大艺术类院校，相继提高了艺考生的文化分比重。而一些综合类大学也在统考成绩的基础上，提高了艺考生的分数线。\r\n</p>\r\n<p style=\"color:#333333;font-family:&quot;font-size:14px;\">\r\n	&emsp;&emsp;去年，教育部明确规定，艺术类本科专业录取控制分数线不得低于本省(区、市)普通本科第二批次录取控制分数线的65%，艺术类高职(专科)专业录取控制分数线不得低于本省(区、市)普通高职(专科)录取控制分数线的70%。\r\n</p>\r\n<p style=\"color:#333333;font-family:&quot;font-size:14px;\">\r\n	&emsp;&emsp;今年艺术专业的文化分分数线虽然统一划定，但各个高校都有自己的分数线，普通的高校也许达到分数线就能上，但重点院校如中央美院、中国传媒大学等都还是需要450分以上甚至500多分的文化课成绩。\r\n</p>\r\n<p style=\"color:#333333;font-family:&quot;font-size:14px;\">\r\n	&emsp;&emsp;湖北省的高校近两年对文化分也有了限制，华中师范大学要求，专业校考合格的投档考生，文化线分数必须达到生源省份文化线上20分，部分专业英语(精品课)要求达到70分以上；湖北工业大学要求英语60分以上；湖北美术学院部分专业除了对考生英语有要求外，今年取消了招收优录生，同时要求语文成绩要不低于80分甚至85分。\r\n</p>\r\n<p style=\"color:#333333;font-family:&quot;font-size:14px;\">\r\n	&emsp;&emsp;武汉市钢都中学美术班班主任尹志星老师说，有时候文化分一分之差就可以影响到考生的就读大学。她今年毕业的两名美术专业学生，文化分总分一样，都想报考中南财经政法大学同一个专业，但该专业规定，英语要到80分以上，其中一名学生因一分之差而不得不放弃。\r\n</p>\r\n<p style=\"color:#333333;font-family:&quot;font-size:14px;\">\r\n	&emsp;<strong>&emsp;艺考热该回归理性了</strong> \r\n</p>\r\n<p style=\"color:#333333;font-family:&quot;font-size:14px;\">\r\n	&emsp;&emsp;“艺术考试，曾经是上大学‘捷径’，以后绝非是‘坦途’。”尹志星说，多数选择艺考的学生艺术功底欠缺，文化课基础也比较薄弱，除非是投入大量的精力和经济支持，学生本人也要能够坚持，才会让“捷径”真正都通，否则“捷径”也会变成“死路”。\r\n</p>\r\n<p style=\"color:#333333;font-family:&quot;font-size:14px;\">\r\n	&emsp;&emsp;尹志星认为，今后随着艺术高考政策越来越收紧，对学生的专业和文化成绩的要求只会越来越高，学生想通过艺考上好大学，两方面的基础都不能太差，对那些希望“曲线救国”的学生和家长，将促使他们在选择艺术专业时更加理性。\r\n</p>\r\n<p style=\"color:#333333;font-family:&quot;font-size:14px;\">\r\n	&emsp;&emsp;武汉市一所高中的教学副校长说，由于生源质量有限，有些学校会把艺考作为学生上大学的途径，学校也因此发展特长教育，提高升学率，但随着艺考政策的变化，学校的办学方式和方法也有了新的考验，应该会更注重学生的特长和素质教育，并选拔真正有艺术潜力的学生走艺考之路。\r\n</p>','今年高考录取已近尾声。据统计，今年共有3.1万高三学生报考艺术类专业，涉及专业包括美术与设计学类、音乐学类、舞蹈学类、戏剧与影视学类(表演)、戏剧与影视学类(广播电视编导)等。一直以来，和普通高考同时进行的艺术高考，尤其是参与学生数量最多的美术类专业高考及各高校校考，都被家长和学生视作“曲线救国”上大学的“捷径”。但近几年，随着相关教育政策的收紧，这一“捷径”却越来越不平坦。','2016-07-16 14:17:16','2016-07-16 22:19:08',0,1,'东方网','/file/image/20160808/QQ截图20160808221649.png',70,6,0,0,0,'',0),(104,'艺术系统是否需要素人绘画','<p style=\"font-size:16px;font-family:&quot;background-color:#FFFFFF;\">\r\n	&emsp;一般来讲，素人<a href=\"http://search.xinmin.cn/?q=%E7%94%BB%E5%AE%B6\" target=\"_blank\" class=\"keywordsSearch\">画家</a>是指完全没有受过专业训练，也没有按照以往绘画学习的规则来作画的人。我们不能简单地以是否读过美术学院为标准来评判一个人是否是素人<a href=\"http://search.xinmin.cn/?q=%E7%94%BB%E5%AE%B6\" target=\"_blank\" class=\"keywordsSearch\">画家</a>，因为有些人虽然没有读过美术学院，但是他们的自学遵循着艺术的规律和要求，我认为这也不能称为“素人<a href=\"http://search.xinmin.cn/?q=%E7%94%BB%E5%AE%B6\" target=\"_blank\" class=\"keywordsSearch\">画家</a>”。\r\n</p>\r\n<p style=\"font-size:16px;font-family:&quot;background-color:#FFFFFF;\">\r\n	&emsp;&emsp;素人画哪个时代都会有，为什么近些年来能够迅速兴起?我认为有两个方面的主要原因。\r\n</p>\r\n<p style=\"font-size:16px;font-family:&quot;background-color:#FFFFFF;\">\r\n	&emsp;&emsp;首先素人画有兴起的社会背景，既有的艺术系统需要不断更新，需要吸收外界不同因素来改变原来的艺术规则，尤其是二战以后，进入到后现代和当代，出现了许多颠覆既有规则的<a href=\"http://search.xinmin.cn/?q=%E8%89%BA%E6%9C%AF%E5%88%9B%E4%BD%9C\" target=\"_blank\" class=\"keywordsSearch\">艺术创作</a>，这些作品超乎寻常，对社会伦理和规则提出挑战，也会从那些边缘的非专业的绘画形式中吸收养料。\r\n</p>\r\n<p style=\"font-size:16px;font-family:&quot;background-color:#FFFFFF;\">\r\n	&emsp;&emsp;素人画总体上有几个共同的特征，就是造型稚拙，组合奇幻，比较喜欢用没有经过调和的纯色，相对于造型严谨的写实绘画，或是讲究构成的抽象绘画，就会形成一种冲击，大家觉得这是可以用来补充新的视觉元素的一种绘画类型。另外我们也注意到，现在有一些真正的素人画和专业绘画里的“坏画”很相近，为什么会这样?因为整个艺术界都有寻求颠覆既有艺术系统和规则的诉求在里面，就会把素人绘画纳入进来，同时专业领域里面也有一部分人开始向素人绘画靠近，采取一种素人画的形式，画得看起来像不会画画一样，两者有点合流了。在这样一个大的背景之下，素人绘画自然就会受到关注，成为一种趋势。\r\n</p>\r\n<p style=\"font-size:16px;font-family:&quot;background-color:#FFFFFF;\">\r\n	&emsp;&emsp;另外，新技术环境下，素人和非素人，专业和非专业之间的界限日益被打破。在新技术时代，所有的技术都日益简洁、平民、傻瓜化，比如手机拍照修图软件，操作已经非常简单方便，在<a href=\"http://search.xinmin.cn/?q=%E8%89%BA%E6%9C%AF%E9%A2%86%E5%9F%9F\" target=\"_blank\" class=\"keywordsSearch\">艺术领域</a>，之前可能只有专业人士才能做的新技术作品，现在所有人都可以参与到创作当中来，当然它不仅仅局限于绘画这一领域。\r\n</p>\r\n<p style=\"font-size:16px;font-family:&quot;background-color:#FFFFFF;\">\r\n	&emsp;&emsp;但是，这里面也存在一个问题，虽然艺术被普遍化了，并不代表素人绘画会越来越成为主角，因为艺术规则以及艺术书写系统仍然是精英化的，非自觉的素人绘画只是作为整个艺术系统可以吸收的养料、可以添加的材料来被认知和认同。艺术系统本身的创新、颠覆诉求，使得它们浮出水面，成为一个很活跃的现象，但是终归是被选择、被吸收的一方，规则还是掌握在专业的领域。如同现在越来越多的摄影大赛，把大众摄影纳入其中，并不是说所有的平民拍照都能够进入到一个专业展览当中，其实这也是一个被选择的过程，选择权是在专业领域。说到摄影还有一个比较有趣的现象，现在平民有时显得越来越专业化，而专业人士反而不断用手机或一些网络软件拍照，有人开玩笑说，一出去就掏出专业相机的其实是摄影爱好者，拿手机在拍照的反而是专业摄影家。这也说明了一个问题，专业摄影家敏感到了新技术环境下的这样一种大众化倾向，他们很能动地来掌握这种趋向，按照某种思想逻辑有意识地利用新技术来组织作品，而这种能力还是基于他们本身的专业素养。\r\n</p>\r\n<p style=\"font-size:16px;font-family:&quot;background-color:#FFFFFF;\">\r\n	&emsp;&emsp;大部分素人绘画都处在一种不自觉、被选择的状态，其中有些正好借助某种事件和时机被选择了，但这不是所有素人<a href=\"http://search.xinmin.cn/?q=%E7%94%BB%E5%AE%B6\" target=\"_blank\" class=\"keywordsSearch\">画家</a>的共同前途，不可能所有人都有机会被选择，对于素人<a href=\"http://search.xinmin.cn/?q=%E7%94%BB%E5%AE%B6\" target=\"_blank\" class=\"keywordsSearch\">画家</a>来说，如果真正要进入到艺术史书写当中的话，他还是应该要对艺术系统有所了解，能动地为这个系统提供某种思想的活力，才有可能获得主动权，能动地决定自己的方向，否则就只能是整个系统里面添加的一个元素。\r\n</p>\r\n<p style=\"font-size:16px;font-family:&quot;background-color:#FFFFFF;\">\r\n	&emsp;&emsp;也有部分素人<a href=\"http://search.xinmin.cn/?q=%E7%94%BB%E5%AE%B6\" target=\"_blank\" class=\"keywordsSearch\">画家</a>被选择之后，慢慢地不甘心于自己非专业的身份，去专业院校学习，由于每人悟性、年龄各方面的差异，假如又从石膏、素描学起，很可能学得四不像、不伦不类了，比较悲催的是，即使学得很好，也问题很大，因为这可能正好是所谓的专业院校前沿艺术家们要抛弃的那套规则和传统，本来人家看中的是他们与专业系统不一样的地方，现在学的却是跟专业系统一样的东西，尤其是具象写实这套系统，学得不像很糟糕，学得像也糟糕。如果没有把自己看成一个真正的艺术家，那么无所谓;如果有的素人<a href=\"http://search.xinmin.cn/?q=%E7%94%BB%E5%AE%B6\" target=\"_blank\" class=\"keywordsSearch\">画家</a>有意识要成为一名艺术家的话，那我认为学习是必要的，但此时学习目的不是改变自己既有的画法，而是去增强思想、哲学等各方面的文化素养，使自己能够认识到自己的创作行动到底是怎么一回事，自己的艺术实践在整个艺术系统当中到底是怎么一回事，把懵懂状态转化为自觉自明的状态，慢慢有意识地去选择自己的方向，进入到真正的艺术系统当中来。这是有可能达到的，实际上也有这样的一些例子，比如采用和专业艺术家合伙的方式，专业艺术家选择的是素人的某些独到之处，而素人又正好借助专业艺术家进入到艺术系统。总之要真正要进入到艺术系统，还是需要素人<a href=\"http://search.xinmin.cn/?q=%E7%94%BB%E5%AE%B6\" target=\"_blank\" class=\"keywordsSearch\">画家</a>能够自觉起来，但是这条路很艰难。\r\n</p>\r\n<p style=\"font-size:16px;font-family:&quot;background-color:#FFFFFF;\">\r\n	&emsp;&emsp;(胡斌，广州美术学院艺术与人文学院副教授）\r\n</p>','一般来讲，素人画家是指完全没有受过专业训练，也没有按照以往绘画学习的规则来作画的人。我们不能简单地以是否读过美术学院为标准来评判一个人是否是素人画家，因为有些人虽然没有读过美术学院，但是他们的自学遵循着艺术的规律和要求，我认为这也不能称为“素人画家”。','2016-07-16 06:20:10','2016-07-16 06:22:23',0,1,'胡斌','/file/image/20160808/QQ截图20160808222148.png',71,6,0,0,0,'',0),(105,'江苏高中音乐、美术课将纳入学测','<div align=\"center\" style=\"padding:0px;margin:0px;font-family:微软雅黑, 宋体;font-size:16px;\">\r\n	<div align=\"center\" style=\"padding:0px;margin:0px;\">\r\n		高中音乐、美术课将纳入学测&nbsp;<a href=\"http://news.hexun.com/jiangsu/index.html\" target=\"_blank\">江苏</a>全面加强美育课程，初中毕业生艺术成绩也将计入中考分数\r\n	</div>\r\n	<div align=\"center\" style=\"padding:0px;margin:0px;\">\r\n		<div align=\"center\" style=\"padding:0px;margin:0px;\">\r\n			<img src=\"http://i5.hexunimg.cn/2016-08-06/185362592.jpg\" alt=\"专家表示，这些举措有利于中小学开足开齐音乐、美术课 资料图片\" border=\"1\" align=\"middle\" style=\"border:1px solid #000000;height:auto;\" /> \r\n		</div>\r\n	</div>\r\n	<div align=\"center\" style=\"padding:0px;margin:0px;\">\r\n		<span>专家表示，这些举措有利于中小学开足开齐音乐、美术课 资料图片</span> \r\n	</div>\r\n</div>\r\n<p style=\"font-family:微软雅黑, 宋体;font-size:16px;\">\r\n	&emsp;&emsp;除了语数外物化生等科目，音乐、美术类科目也将纳入高中学业水平测试，并作为高校艺术专业录取依据；初中毕业生艺术素质测评结果计入中考成绩……昨天，江苏省政府发布《关于全面加强和改进学校美育工作的实施意见》（以下简称《意见》），有专家表示，这些举措将有利于中小学开足开齐音乐、美术课，但具体的考试方案与实施细则，目前正在调研中。\r\n</p>\r\n<p style=\"font-family:微软雅黑, 宋体;font-size:16px;\">\r\n	&emsp;&emsp;现代快报/ZAKER南京记者 金凤\r\n</p>\r\n<p style=\"font-family:微软雅黑, 宋体;font-size:16px;\">\r\n	&emsp;&emsp;普通高中艺术课程纳入学业水平测试\r\n</p>\r\n<p style=\"font-family:微软雅黑, 宋体;font-size:16px;\">\r\n	&emsp;&emsp;目前，江苏高中的学业水平测试科目有政治、历史、地理、物理、化学、生物、技术7门，并没有艺术类科目。而在江苏省教育厅今年2月发布的江苏省考试招生制度改革最新方案中，学业水平测试科目的调整已经是板上钉钉，即，《普通高中课程方案（实验）》所设定的13门科目均列入必考科目范围。这13门课程包括语文、数学、英语（或日语、俄语）、物理、化学、生物、历史、地理、技术、艺术、音乐、美术、体育与健康。\r\n</p>\r\n<p style=\"font-family:微软雅黑, 宋体;font-size:16px;\">\r\n	&emsp;&emsp;而在《意见》中，艺术纳入高考有了更明确的表述。“将普通高中艺术课程纳入学业水平测试并作为高校艺术专业录取依据，将高校艺术类选修课程纳入学分制考核管理。”\r\n</p>\r\n<p style=\"font-family:微软雅黑, 宋体;font-size:16px;\">\r\n	&emsp;&emsp;“根据教育部新一轮高考改革规划，学业水平测试会将所有学科纳入其中，但至于怎么考，由各省根据实际情况来确定考试方案。例如艺术科目测试是省里统一考试，还是制定考核标准，由各市或者学校去考察，现在还没有确定考核方案，但测试方式未必是全省统考。”江苏省教育厅基教处相关负责人表示，目前，艺术类考试如何纳入学业水平测试，专家们还在调研。\r\n</p>\r\n<p style=\"font-family:微软雅黑, 宋体;font-size:16px;\">\r\n	&emsp;&emsp;南京某高校一位此前参与《意见》论证的艺术教育的专家说，将中小学艺术素质测评结果和课程成绩纳入监测，将有利于在基础教育中重视学生艺术素质的培养，未来可能最先会在江苏的部分城市试点。例如学生只有艺术课程达标了，才能参加高校的艺术专业考试，但最终如何实施还要等方案出台。\r\n</p>\r\n<p style=\"font-family:微软雅黑, 宋体;font-size:16px;\">\r\n	&emsp;&emsp;初三学生艺术素质测评结果计入中考成绩\r\n</p>\r\n<p style=\"font-family:微软雅黑, 宋体;font-size:16px;\">\r\n	&emsp;&emsp;此外，在中小学阶段，学生们的艺术素养是否达标，也将有全程监测。例如，“将小学生艺术素质测评结果纳入素质报告书，将初中毕业生艺术素质测评结果计入中考成绩。”\r\n</p>\r\n<p style=\"font-family:微软雅黑, 宋体;font-size:16px;\">\r\n	&emsp;&emsp;江苏省教育厅体卫艺处相关负责人介绍，目前，泰州正在试行将初中毕业生的艺术成绩计入中考，在泰州今年发布的高中阶段学校招生工作意见中，规定从2019年起，将音乐和美术学科成绩将分别以5分计入中考总分。“十三五末，艺术素质测评结果计入中考，将在江苏每个市推行。”\r\n</p>\r\n<p style=\"font-family:微软雅黑, 宋体;font-size:16px;\">\r\n	&emsp;&emsp;江苏省中小学教研室音乐教研员戴海云表示，艺术成绩计入中考，将促进学校开齐开足艺术课程，将使全体学生受益。\r\n</p>\r\n<p style=\"font-family:微软雅黑, 宋体;font-size:16px;\">\r\n	&emsp;&emsp;《意见》要求，小学、初中在开设音乐、美术课程的基础上，要创造条件开设舞蹈、戏剧、戏曲等校本课程和具有地域特色的地方课程。幼儿园普及艺术游戏课程。普通高中在开设规定学分要求的音乐、美术课程模块基础上，增设舞蹈、戏剧、戏曲、影视等教学模块，并将选修模块专业课程和校本课程纳入课程学分管理。高校把公共艺术课程纳入各专业人才培养计划，每个学生在校期间须通过艺术选修课程学习，获得至少2个学分方可毕业。\r\n</p>\r\n<p style=\"font-family:微软雅黑, 宋体;font-size:16px;\">\r\n	&emsp;&emsp;2020年，小学艺术专职教师将不低于六成\r\n</p>\r\n<p style=\"font-family:微软雅黑, 宋体;font-size:16px;\">\r\n	&emsp;&emsp;开足开齐艺术课程，艺术类教师够用么？《意见》中要求，各地要加大艺术教师招聘力度，保证学校按照国家课程方案规定的课时配齐配足艺术教师。力争到2020年，全省小学和初中艺术教师中，专职教师比例分别不低于60%和80%。\r\n</p>\r\n<p style=\"font-family:微软雅黑, 宋体;font-size:16px;\">\r\n	&emsp;&emsp;同时，省政府要求，实施《江苏省中小学音乐（舞蹈）、美术教师职业技能标准》，开展在职中小学艺术教师全员培训和考核。省每3年举办1次中小学音乐、美术教师教学基本功比赛，每2年举办1次高校艺术教育专业学生基本功展示活动。高校设立公共艺术教育管理校级专门机构，配备专职人员从事公共艺术教育教学管理，配齐公共艺术教师，其中专职教师比例不低于50%。加强各级专职艺术教研员队伍建设。\r\n</p>','开足开齐艺术课程，艺术类教师够用么？《意见》中要求，各地要加大艺术教师招聘力度，保证学校按照国家课程方案规定的课时配齐配足艺术教师。力争到2020年，全省小学和初中艺术教师中，专职教师比例分别不低于60%和80%。','2016-07-15 22:25:27','2016-07-15 22:25:47',0,1,'现代快报','/file/image/20160808/185362592.jpg',72,6,0,0,0,'',0),(106,'2015-2016缀美画室户外教学，学生体验速画技巧','<p style=\"text-align:center;\">\r\n	<br />\r\n</p>\r\n<p style=\"text-align:center;\">\r\n	<span style=\"font-size:16px;\"><strong>整理中...</strong></span> \r\n</p>\r\n<p style=\"text-align:center;\">\r\n	<img src=\"/file/image/20160808/876.jpg\" alt=\"\" /><img src=\"/file/image/20160808/45634.jpg\" alt=\"\" /><img src=\"/file/image/20160808/567456.jpg\" alt=\"\" /><span style=\"line-height:1.5;\"></span> \r\n</p>','2015-2016年，缀美进行了多次户外写生，与大自然接触的同时进行美术教学。学生们都十分的认真，也学习到了不少，比较画室中的静物与户外是不一样的。','2016-07-08 14:34:24','2016-07-08 14:36:28',0,1,'庞老师','/file/image/20160808/QQ截图20160808223404.png',94,14,0,0,0,'',0);
/*!40000 ALTER TABLE `paper` ENABLE KEYS */;
UNLOCK TABLES;

--
-- Table structure for table `role`
--

DROP TABLE IF EXISTS `role`;
/*!40101 SET @saved_cs_client     = @@character_set_client */;
/*!40101 SET character_set_client = utf8 */;
CREATE TABLE `role` (
  `id` bigint(20) NOT NULL AUTO_INCREMENT,
  `title` varchar(100) NOT NULL DEFAULT '',
  `name` varchar(100) NOT NULL DEFAULT '',
  `remark` varchar(200) DEFAULT NULL,
  `status` int(11) NOT NULL DEFAULT '2',
  PRIMARY KEY (`id`)
) ENGINE=InnoDB AUTO_INCREMENT=2 DEFAULT CHARSET=utf8;
/*!40101 SET character_set_client = @saved_cs_client */;

--
-- Dumping data for table `role`
--

LOCK TABLES `role` WRITE;
/*!40000 ALTER TABLE `role` DISABLE KEYS */;
INSERT INTO `role` VALUES (1,'管理员角色','管理员','权限最高的一群人',1);
/*!40000 ALTER TABLE `role` ENABLE KEYS */;
UNLOCK TABLES;

--
-- Table structure for table `roll`
--

DROP TABLE IF EXISTS `roll`;
/*!40101 SET @saved_cs_client     = @@character_set_client */;
/*!40101 SET character_set_client = utf8 */;
CREATE TABLE `roll` (
  `id` bigint(20) NOT NULL AUTO_INCREMENT,
  `title` varchar(100) NOT NULL DEFAULT '',
  `content` longtext NOT NULL,
  `createtime` datetime DEFAULT NULL,
  `updatetime` datetime DEFAULT NULL,
  `sort` bigint(20) NOT NULL DEFAULT '0',
  `status` bigint(20) NOT NULL DEFAULT '0',
  `photo` varchar(255) NOT NULL DEFAULT '',
  `view` bigint(20) NOT NULL DEFAULT '0',
  `url` varchar(255) NOT NULL DEFAULT '',
  PRIMARY KEY (`id`)
) ENGINE=InnoDB AUTO_INCREMENT=5 DEFAULT CHARSET=utf8;
/*!40101 SET character_set_client = @saved_cs_client */;

--
-- Dumping data for table `roll`
--

LOCK TABLES `roll` WRITE;
/*!40000 ALTER TABLE `roll` DISABLE KEYS */;
INSERT INTO `roll` VALUES (1,'示例1','请输入图片描述','2016-07-28 13:46:17','2016-08-05 00:48:59',1,1,'/file/image/20160805/20160805004753mmexport1420177702987.jpg',0,'http://tuzi.lenggirl.com/招生动态/'),(3,'实例三','请输入图片描述','2016-07-28 21:47:31','2016-08-05 00:50:16',0,1,'/file/image/20160805/2015-04-19 19.53.01.jpg',0,'http://tuzi.lenggirl.com//静物素描'),(4,'牛逼的老师','请输入图片描述','2016-08-04 16:51:35',NULL,0,1,'/file/image/20160805/20160805005045mmexport1420217892672.jpg',0,'http://tuzi.lenggirl.com//教师作品/');
/*!40000 ALTER TABLE `roll` ENABLE KEYS */;
UNLOCK TABLES;

--
-- Table structure for table `user`
--

DROP TABLE IF EXISTS `user`;
/*!40101 SET @saved_cs_client     = @@character_set_client */;
/*!40101 SET character_set_client = utf8 */;
CREATE TABLE `user` (
  `id` bigint(20) NOT NULL AUTO_INCREMENT,
  `logincount` int(11) NOT NULL DEFAULT '0',
  `username` varchar(32) NOT NULL DEFAULT '',
  `password` varchar(32) NOT NULL DEFAULT '',
  `nickname` varchar(32) NOT NULL DEFAULT '',
  `email` varchar(32) NOT NULL DEFAULT '',
  `remark` varchar(200) DEFAULT NULL,
  `status` int(11) NOT NULL DEFAULT '2',
  `lastlogintime` datetime DEFAULT NULL,
  `createtime` datetime NOT NULL,
  `lastip` varchar(255) NOT NULL DEFAULT '',
  PRIMARY KEY (`id`),
  UNIQUE KEY `username` (`username`),
  UNIQUE KEY `nickname` (`nickname`)
) ENGINE=InnoDB AUTO_INCREMENT=3 DEFAULT CHARSET=utf8;
/*!40101 SET character_set_client = @saved_cs_client */;

--
-- Dumping data for table `user`
--

LOCK TABLES `user` WRITE;
/*!40000 ALTER TABLE `user` DISABLE KEYS */;
INSERT INTO `user` VALUES (1,35,'admin','21232f297a57a5a743894a0e4a801fc3','画室','569929309@qq.com','最高权限的王',2,'2016-09-04 21:08:35','2016-07-18 05:41:53','127.0.0.1'),(2,0,'user','ee11cbb19052e40b07aac0ca060c23ee','测试用户','569929309@qq.com','测试用户',2,NULL,'2016-07-29 21:41:53','');
/*!40000 ALTER TABLE `user` ENABLE KEYS */;
UNLOCK TABLES;

--
-- Table structure for table `user_roles`
--

DROP TABLE IF EXISTS `user_roles`;
/*!40101 SET @saved_cs_client     = @@character_set_client */;
/*!40101 SET character_set_client = utf8 */;
CREATE TABLE `user_roles` (
  `id` bigint(20) NOT NULL AUTO_INCREMENT,
  `user_id` bigint(20) NOT NULL,
  `role_id` bigint(20) NOT NULL,
  PRIMARY KEY (`id`)
) ENGINE=InnoDB DEFAULT CHARSET=utf8;
/*!40101 SET character_set_client = @saved_cs_client */;

--
-- Dumping data for table `user_roles`
--

LOCK TABLES `user_roles` WRITE;
/*!40000 ALTER TABLE `user_roles` DISABLE KEYS */;
/*!40000 ALTER TABLE `user_roles` ENABLE KEYS */;
UNLOCK TABLES;
/*!40103 SET TIME_ZONE=@OLD_TIME_ZONE */;

/*!40101 SET SQL_MODE=@OLD_SQL_MODE */;
/*!40014 SET FOREIGN_KEY_CHECKS=@OLD_FOREIGN_KEY_CHECKS */;
/*!40014 SET UNIQUE_CHECKS=@OLD_UNIQUE_CHECKS */;
/*!40101 SET CHARACTER_SET_CLIENT=@OLD_CHARACTER_SET_CLIENT */;
/*!40101 SET CHARACTER_SET_RESULTS=@OLD_CHARACTER_SET_RESULTS */;
/*!40101 SET COLLATION_CONNECTION=@OLD_COLLATION_CONNECTION */;
/*!40111 SET SQL_NOTES=@OLD_SQL_NOTES */;

-- Dump completed on 2016-09-23 14:42:13
